date,open,close,high,low,weightedAverage,volume,quoteVolume
2015-08-08,1.510000006,1.4900000080000002,1.550000006,1.2200000500000001,1.4639036220000001,274.00396842,176.53943824
2015-08-09,1.40000001,1.40000001,1.40000001,1.40000001,1.40000001,0,0
2015-08-10,1.40000001,1.40000001,1.40000001,1.40000001,1.40000001,0,0
2015-08-11,0.8199997766666667,0.7900000066666667,0.833333245,0.7833332049999999,0.8067640699999999,242.97597265000002,251.51708151
2015-08-12,1.1350002449999999,1.1700004849999999,1.195000243333333,1.1100003433333334,1.1564607033333334,476.80721124,404.34478077
2015-08-13,1.4949999999999999,1.6049999999999998,1.6066666666666665,1.4933333333333332,1.5458526699999997,586.2868543500001,347.83749051
2015-08-14,2.145,2.146666666666667,2.146666666666667,2.145,2.145997945,53.47671417,24.91939484
2015-08-15,1.7874999966666667,1.8708333283333332,1.8708333283333332,1.729166665,1.8037773433333333,53.22324566,33.62755862
2015-08-16,1.23499984,1.3349998383333332,1.3399998383333334,1.2299998383333335,1.243572465,226.15014674,199.61202688
2015-08-17,1.403333305,1.331666655,1.403333305,1.331666655,1.33205463,37.09169389,26.25519431
2015-08-18,1.4735000016666666,1.4649999983333333,1.4735000016666666,1.4649999983333333,1.470608135,98.82704104999999,92.15136276
2015-08-19,1.2733333283333332,1.3083333266666666,1.3249999933333332,1.2583333283333331,1.2745508116666666,87.58378257,66.18019973
2015-08-20,1.2933333383333332,1.3383333316666668,1.3383333316666668,1.2933333383333332,1.2974878833333332,531.46756942,360.58467329999996
2015-08-21,1.54716584,1.49883333,1.54716584,1.49883333,1.5010978066666665,442.62231133999995,304.20099009
2015-08-22,1.33000064,1.33000064,1.33000064,1.33000064,1.33000064,0.78393859,0.58942723
2015-08-23,1.3883319800000002,1.386665746666667,1.4149986050000003,1.3866657450000002,1.387416975,91.2780872,65.09798216
2015-08-24,1.3353367950000001,1.3301666483333332,1.3353368000000003,1.3301666466666668,1.3316005133333333,193.68282041,148.95030874
2015-08-25,1.108833335,1.1668333283333332,1.1669999966666667,1.1086666666666667,1.16667429,28.90941093,27.4856816
2015-08-26,1.0485000033333334,1.0716666683333333,1.0716666683333333,1.0483333366666667,1.0571799716666666,86.32559330000001,81.68450130999999
2015-08-27,1.2699999999999998,1.2699999999999998,1.2699999999999998,1.2699999999999998,1.2699999999999998,0.00242509,0.00190952
2015-08-28,1.0666666749999998,1.0600000099999998,1.0666666749999998,1.0600000099999998,1.0659660649999998,1.10203059,1.00568924
2015-08-29,1.0600000099999998,1.0600000099999998,1.0600000099999998,1.0600000099999998,1.0600000099999998,0,0
2015-08-30,1.2216666683333333,1.2250000016666664,1.2250000016666664,1.2216666683333333,1.2248449216666666,2253.7733765,1803.09981041
2015-08-31,1.2916666666666665,1.2949166666666667,1.2949166666666667,1.2916666666666665,1.292870705,340.89395747000003,263.85196884
2015-09-01,1.3239483233333333,1.302563411666667,1.32606333,1.273781735,1.3013565416666666,229.54413848,171.11728546
2015-09-02,1.2583339366666666,1.2583339366666666,1.2583339366666666,1.2583339366666666,1.2583339366666666,49.09494082,38.9642
2015-09-03,1.2518333516666666,1.2445000233333334,1.3025993733333332,1.2194000716666666,1.236702605,240.98560988,191.88244354
2015-09-04,1.2194000016666668,1.2194000016666668,1.2194000016666668,1.2194000016666668,1.2194000016666668,18.76191499,15.38618577
2015-09-05,1.28128941,1.316684115,1.316684115,1.28128941,1.296306605,58.25197843,45.72054699
2015-09-06,1.1691666766666666,1.1740000066666665,1.1740000083333333,1.169166675,1.1739988583333332,47.54837814,39.811088
2015-09-07,1.2246666449999999,1.224666625,1.2246666466666667,1.224666625,1.224666625,432.68436495,320.59469966
2015-09-08,1.34999985,1.34999985,1.34999985,1.34999985,1.34999985,0,0
2015-09-09,1.3249996533333335,1.324999655,1.324999655,1.3249996533333335,1.3249996533333335,23.94201004,18.41693846
2015-09-10,1.2100016133333333,1.2033344350000001,1.2266676016666667,1.2033344350000001,1.205965135,2763.80410145,2348.58017956
2015-09-11,1.1256496,1.0233164816666667,1.1256496016666666,1.0233164783333333,1.0482110033333334,987.9305906799999,895.12204597
2015-09-12,1.1036663100000002,1.0450000066666667,1.1426661133333333,0.9750001200000001,1.0548364033333333,252.13814657,244.55519945999998
2015-09-13,1.1349965266666666,1.1349962766666666,1.1349965299999998,1.1349962733333332,1.1349965183333335,95.35441204000001,95.33966564
2015-09-14,1.0836591733333334,1.0836591733333334,1.0836591733333334,1.0836591733333334,1.0836591733333334,0.44598807,0.51204141
2015-09-15,0.9514156383333333,0.8739167449999999,0.9514156383333333,0.8739167449999999,0.9031640050000002,1.21148916,1.34907642
2015-09-16,0.9980850133333332,1.0166654166666667,1.0166654166666667,0.9980850133333332,1.0165455716666667,8.55056381,8.55672043
2015-09-17,0.8828392683333334,0.8747528666666665,0.8828392683333334,0.8747528666666665,0.8801244833333333,87.11271993000001,99.85748328
2015-09-18,0.8466666666666666,0.8449999999999999,0.8466666666666666,0.8449999999999999,0.8458333333333332,38.7,45
2015-09-19,0.883493605,0.86357911,0.883493605,0.86357911,0.8735463233333333,0.51859386,0.54263501
2015-09-20,0.9599709683333333,0.9599709683333333,0.9599709683333333,0.9599709683333333,0.9599709683333333,0.35354961,0.36829895
2015-09-21,0.9569086749999999,0.9569166666666665,0.9585833333333333,0.9552420083333332,0.9564244416666665,147.70917371000002,154.21771925
2015-09-22,0.8899234883333333,0.8799269016666665,0.88992349,0.8799269,0.8860101416666666,172.53365262,195.71273088
2015-09-23,0.9058321633333334,0.8958384783333334,0.9058333300000001,0.8916757000000001,0.8988316100000001,12.56911938,13.96571244
2015-09-24,0.87626031,0.868755155,0.87626031,0.868755155,0.8705712233333333,325.68713612,386.57798054
2015-09-25,0.79436084,0.7915550100000001,0.7943608449999999,0.7915550049999999,0.7915551533333334,154.96079075,193.40128617000002
2015-09-26,0.7144917783333334,0.6991666183333334,0.7191666183333334,0.6983332866666667,0.7127084283333334,55.8785137,75.28421940999999
2015-09-27,0.7716666550000001,0.7566666566666668,0.7716666550000001,0.7566666566666668,0.7701249183333334,8.108734819999999,10.520075760000001
2015-09-28,0.6509725166666667,0.6418465116666666,0.6683900533333333,0.62759648,0.63775659,9462.891093889999,16786.71053175
2015-09-29,0.5921488733333332,0.5926612666666666,0.5926612666666666,0.5921488716666666,0.5922348483333333,181.6034591,279.21100814000005
2015-09-30,0.6248296316666666,0.63083685,0.636670165,0.6248296299999999,0.6263019183333333,277.41514644,388.09757469
2015-10-01,0.6846093516666666,0.6893333266666666,0.6893333366666666,0.6846093483333333,0.6869209683333333,77.24611706,105.1235863
2015-10-02,0.6929916349999999,0.6818166133333333,0.6929916349999999,0.6818166133333333,0.6874097116666666,0.7031715,0.99065027
2015-10-03,0.6826545233333333,0.6826547766666667,0.6826547766666667,0.6826545233333333,0.68265464,4.27007917,6.362797520000001
2015-10-04,0.6799999899999999,0.6799999899999999,0.6799999899999999,0.6799999899999999,0.6799999899999999,0,0
2015-10-05,0.668444865,0.668444865,0.66844487,0.6684447716666666,0.66844486,27.93252385,43.43614266
2015-10-06,0.64293867,0.64293867,0.64293867,0.64293867,0.64293867,0,0
2015-10-07,0.6548051983333333,0.671457665,0.6714576966666668,0.6548051983333333,0.6708953700000001,2.97170915,4.26600175
2015-10-08,0.595316235,0.581064145,0.6048214199999999,0.5759701033333333,0.5916717833333334,68.37407909999999,114.23605370000001
2015-10-09,0.62078689,0.620788045,0.621367755,0.6207868583333332,0.6207915316666667,127.18711438,189.82558689
2015-10-10,0.67,0.67,0.67,0.67,0.67,0,0
2015-10-11,0.67,0.67,0.67,0.67,0.67,0,0
2015-10-12,0.6341823249999999,0.6341822716666666,0.6416739383333333,0.6341821216666667,0.6365286916666667,0.79630587,1.23956008
2015-10-13,0.6000465583333333,0.60004655,0.6000465583333333,0.60004655,0.6000465516666668,46.0302997,76.71419827
2015-10-14,0.5744337133333334,0.5602424316666667,0.57443374,0.5528140516666668,0.5687305266666666,502.67262304999997,928.98184141
2015-10-15,0.5349981833333334,0.530005535,0.5488752650000001,0.530005535,0.5469825116666667,120.21633721,239.90085682
2015-10-16,0.5641031233333332,0.5623256849999999,0.564160025,0.562268785,0.5641323533333332,75.49797565,142.02927384999998
2015-10-17,0.5403333333333333,0.541767725,0.541767725,0.5341657533333334,0.5403056900000001,393.8302830299999,721.2886608299999
2015-10-18,0.5343653866666668,0.5343682366666668,0.5419665366666666,0.526767085,0.5304021716666667,29.41097981,56.082907369999994
2015-10-19,0.49204559333333325,0.48506371499999995,0.4920456433333333,0.4850636683333333,0.48994720999999997,460.48614383,916.6903929900001
2015-10-20,0.47406667,0.46925000333333333,0.47406667,0.46925000333333333,0.471799715,94.36383074,202.30536147
2015-10-21,0.4384093666666667,0.4418745,0.4551817466666667,0.433142265,0.44150142833333333,392.34175075999997,892.04018255
2015-10-22,0.4346297766666667,0.45516918333333334,0.4551758083333333,0.4329169683333334,0.4418148216666667,262.95947555,503.05636653
2015-10-23,0.595364705,0.6286391166666668,0.6286391166666668,0.5953646683333332,0.5966148666666666,238.84853763,442.80525065999996
2015-10-24,0.5551094899999999,0.5551094899999999,0.5551094899999999,0.5551094899999999,0.5551094899999999,0.46778657,1.00551591
2015-10-25,0.563600655,0.5646029933333333,0.5646029933333333,0.563600655,0.563727475,275.39300206999997,429.76736671
2015-10-26,0.6728999983333335,0.6828561933333335,0.6858985683333335,0.6728999983333335,0.6794008766666667,164.05948026,231.39109246
2015-10-27,0.8099576183333332,0.8450000033333332,0.8450001049999999,0.8099576166666665,0.8266792550000001,275.36519329,341.9987367
2015-10-28,0.8649981166666666,0.8849988400000001,0.8849988400000001,0.8649981166666666,0.8697354466666667,925.7738779299999,1044.13473962
2015-10-29,1.0312494233333334,1.077916125,1.1029160933333333,0.9820651116666667,1.0372398833333334,191.01454017,159.71216769999998
2015-10-30,1.2149578916666666,1.15249965,1.2248036266666669,1.1023679800000001,1.1488215016666667,48.978122940000006,44.12690233000001
2015-10-31,0.9661283883333334,0.9396544299999999,0.9680460483333334,0.9361377699999999,0.9569140083333333,59.30521814,61.28014775
2015-11-01,0.9597602900000001,0.9636184716666666,0.9785965816666667,0.9503730416666668,0.9613689566666666,175.1934224,185.31953202
2015-11-02,1.0488980033333333,1.0320719433333332,1.052290905,1.0189579883333333,1.0309874716666667,2594.59893412,2555.60768186
2015-11-03,0.9931791533333333,0.9926919566666665,1.0778460266666667,0.9439719616666666,1.0020173116666666,3098.43127182,3141.73118467
2015-11-04,0.9278253633333334,0.8970132,0.9939362050000001,0.8318262466666667,0.913399035,4146.09344002,4578.69922515
2015-11-05,0.9271441733333333,0.92410405,0.9454849133333333,0.8772808799999999,0.9157583833333334,533.29851531,590.10399292
2015-11-06,0.8986424249999999,0.8949742283333334,0.9481417500000001,0.87082389,0.920958595,1614.23764532,1641.96288211
2015-11-07,0.9127461816666668,0.9125617816666667,0.9289524566666666,0.8888787716666666,0.9065563433333335,345.05776337,390.26856785999996
2015-11-08,0.9474318250000001,0.9597955416666665,0.9689489983333331,0.9437780350000001,0.9581566833333334,585.92208058,591.53147382
2015-11-09,1.02762057,1.03044303,1.0631181666666667,0.9989109966666665,1.0368192183333333,6067.92945987,5783.896679929999
2015-11-10,0.9938780433333333,0.9733330583333332,1.0050061099999998,0.9665383066666666,0.9889001366666667,1006.8631116099999,990.8287790200001
2015-11-11,0.867598475,0.8398302633333333,0.8854051483333333,0.8158914166666668,0.8419515683333333,7447.30492306,9343.39333979
2015-11-12,0.85079272,0.8703728816666666,0.878106905,0.8369028683333332,0.856433415,1762.2910201099999,2036.67068988
2015-11-13,0.8777070216666667,0.8702936416666666,0.8847449566666666,0.8671315916666665,0.8734434933333333,1139.45100847,1307.99448482
2015-11-14,0.8895853300000001,0.888715515,0.89291866,0.8870488516666667,0.8892184883333334,374.64979719,419.79152983000006
2015-11-15,0.9066560283333333,0.90588243,0.9110780483333333,0.8930701483333333,0.9037835266666666,218.30808675999998,241.19787595
2015-11-16,0.916700245,0.9229748783333332,0.9286966133333333,0.9084310816666666,0.91936499,276.50855996999996,302.17416884
2015-11-17,0.9483827816666667,0.960601465,0.9698231233333333,0.9428343466666668,0.95854967,2544.3078104200004,2543.02014807
2015-11-18,0.9907566483333333,0.9907698549999999,1.0017204166666667,0.984979525,0.9921586283333332,1716.4531903099999,1747.8566017599999
2015-11-19,0.9829514066666666,0.9833390233333333,0.9899267816666667,0.9754401983333333,0.9844201633333333,335.50698405,342.05159011
2015-11-20,0.9346422883333333,0.9283925000000001,0.9346422883333333,0.9283924983333333,0.9290097783333334,28.40879053,29.951316770000002
2015-11-21,0.9411763049999999,0.9433370666666668,0.9494335733333333,0.936247045,0.9451347916666665,255.38706542,261.41812451
2015-11-22,0.9743583583333333,0.9791658616666666,0.9791658783333332,0.9743583466666667,0.9789709516666667,226.54294989000002,231.38498016
2015-11-23,0.9663966200000002,0.9566875499999999,0.9668139633333334,0.9564672833333333,0.9602915766666668,772.93918621,815.12869674
2015-11-24,0.9537230266666668,0.9497534350000002,0.9537231883333335,0.9497534350000002,0.9513056966666668,573.82046925,623.8423339999999
2015-11-25,0.8818196999999999,0.8797256633333332,0.8949449983333334,0.8657336666666665,0.8749410216666668,1731.27702242,1988.35113961
2015-11-26,0.872502055,0.8683695483333335,0.8905300033333335,0.8536925166666668,0.8733270600000002,1410.5125784299998,1618.3373193399998
2015-11-27,0.8806937033333333,0.8814639766666666,0.8973629116666667,0.8658910183333334,0.8811227416666667,161.1056061,174.50486876000002
2015-11-28,0.8995374066666667,0.9226395116666667,0.9228707533333335,0.897894665,0.9174258466666667,882.63674496,971.11102508
2015-11-29,0.8890094983333334,0.8849612349999999,0.89320885,0.8822945699999999,0.886752165,1724.75147182,1959.7383591199998
2015-11-30,0.8799251233333334,0.8868335000000002,0.8908318366666667,0.8730001683333334,0.8812198716666667,331.30827134000003,378.56213055
2015-12-01,0.8774556666666666,0.875022005,0.888122165,0.875022005,0.8784814,2309.75173097,2646.53369009
2015-12-02,0.8679394149999999,0.8548940016666666,0.8828374149999999,0.8529532599999999,0.8713455416666668,400.80983503999994,463.30564843999997
2015-12-03,0.8256144866666668,0.8206894299999999,0.8366726266666666,0.8083333566666667,0.8149042116666667,392.60353908999997,485.06288372
2015-12-04,0.825290545,0.8197863783333333,0.8299937333333333,0.8170612883333334,0.8224172116666667,412.6575623199999,501.95059757
2015-12-05,0.8453666783333333,0.8490068783333333,0.8530175799999999,0.8441402183333332,0.8480109116666666,535.23574401,629.2065467
2015-12-06,0.857604755,0.8529972766666667,0.8589859666666667,0.85299716,0.8554120016666666,685.0595000000001,796.81525133
2015-12-07,0.8232112699999999,0.8274398499999999,0.829328635,0.8166314,0.8199386133333332,1080.77434441,1336.2346122299998
2015-12-08,0.8023103333333333,0.8040653116666667,0.8049753333333335,0.7990501483333333,0.80323234,772.02268482,960.13483666
2015-12-09,0.7893688733333333,0.788834805,0.80293868,0.7778870416666667,0.7914923966666666,1167.9823933799998,1480.3617336
2015-12-10,0.8108998333333334,0.820952625,0.8260462366666667,0.8059858950000001,0.8224093833333334,1948.43426895,2321.76477466
2015-12-11,0.8447302516666667,0.8541116133333334,0.865855095,0.829321755,0.8460118683333332,3551.05111719,4139.119032
2015-12-12,0.9529460666666667,0.9720481933333334,0.9874083966666666,0.93884044,0.9703720350000001,3192.0447108300004,3267.7816863700004
2015-12-13,0.9462779633333334,0.9415074849999999,0.9550580633333334,0.9407777999999999,0.9462434949999999,12.23269817,12.97420766
2015-12-14,0.9831432016666667,0.9895155016666667,0.9899565,0.9827022033333334,0.9883487683333333,296.88816002000004,296.67166671
2015-12-15,0.9938035533333333,1.00232394,1.008433975,0.989910235,1.0075912500000002,2052.2853986799996,2010.96961209
2015-12-16,0.9881896166666667,0.9823285166666667,0.9883179400000001,0.982200195,0.9851811783333333,1038.5534924199999,1055.5822820800001
2015-12-17,0.9484834383333333,0.93873069,0.9585811300000001,0.9269812316666667,0.9402106166666666,427.99405611,461.48299969
2015-12-18,0.9166944116666667,0.9002972066666667,0.9198984766666666,0.9001305433333333,0.9083479983333334,373.08540165,406.31855798999993
2015-12-19,0.9052392683333332,0.9000078416666667,0.908142475,0.8942766683333333,0.9044562083333333,2096.0254432399997,2312.1650474900002
2015-12-20,0.918189435,0.9112338283333333,0.9181894366666666,0.9079004949999999,0.9152914333333334,156.89351087999998,171.08606687
2015-12-21,0.88295584,0.8833940133333332,0.889673555,0.8728814933333333,0.878907185,617.1234374,701.94618381
2015-12-22,0.8773979033333333,0.8745640416666666,0.8885206416666666,0.7109827000000001,0.8408437216666668,3354.20343718,5058.270134
2015-12-23,0.8492678133333333,0.8605282133333333,0.8621433450000001,0.82833596,0.84151811,139.40396493,167.63377035
2015-12-24,0.8564120433333334,0.850820955,0.8577661066666667,0.84678763,0.85409411,156.6393415,179.47678215
2015-12-25,0.852302155,0.8656982466666667,0.8659333083333335,0.8489961133333335,0.8570697016666667,299.20179584000005,348.36756788
2015-12-26,0.8774506766666667,0.8766666683333334,0.8783333333333333,0.8700000033333334,0.8749659800000001,15.49959995,17.79158238
2015-12-27,0.8511666666666667,0.8513333333333333,0.8513333333333333,0.8511666666666667,0.8511957016666667,65.14707464,76.45389558
2015-12-28,0.84108401,0.8447252466666667,0.8485665766666667,0.8372426799999998,0.83801485,388.70676635,458.11113545000006
2015-12-29,0.8291996116666667,0.8289382116666667,0.829307055,0.8223985683333334,0.8290646199999999,119.04485788,140.61515198
2015-12-30,0.872185265,0.8791524183333334,0.8805219283333333,0.8708157550000001,0.8734457983333334,3368.1636508799998,3729.93613485
2015-12-31,0.9390552133333333,0.9317887666666665,0.94153638,0.9293075999999999,0.9345515316666666,615.54980144,650.70325377
2016-01-01,0.9197471533333333,0.92580352,0.9266563666666666,0.9187126916666667,0.9192932949999998,41.48096758,45.15670962
2016-01-02,0.9580676183333333,0.95806762,0.95806762,0.9580676183333333,0.9580676183333333,5.36300989,5.60398298
2016-01-03,0.963261515,0.9663511733333333,0.9663511783333333,0.9632615116666666,0.9648374483333333,465.89187346,482.03649086
2016-01-04,0.9550508116666666,0.9572487233333332,0.9590753716666667,0.9530361999999998,0.9561106083333333,126.21402283,132.45174344
2016-01-05,0.9435857833333334,0.939807805,0.9436173750000001,0.939807805,0.9417783433333334,206.68028161,219.9476316
2016-01-06,0.9385280283333333,0.9382303916666666,0.9385280283333333,0.9382303916666666,0.9383147516666664,67.44597819,71.86524765
2016-01-07,0.9418620866666667,0.9478913316666667,0.9491088966666666,0.9406445216666667,0.9472329049999999,441.11195457,458.34507367000003
2016-01-08,0.97597859,0.9805494466666667,0.9875916633333334,0.9689363733333333,0.9774722933333334,339.58428727,344.62353653
2016-01-09,0.9836605833333335,0.9848833933333334,0.9855657583333334,0.9836605833333335,0.9850327683333334,144.96223188,145.54452337
2016-01-10,0.9776472666666667,0.9783356,0.9783356,0.9740660550000001,0.976899925,305.1971628,307.94172381
2016-01-11,1.0186178633333334,1.042133435,1.0507538633333333,1.0186178633333334,1.0355853616666668,2428.3496601399997,2356.55960141
2016-01-12,1.122769815,1.1275069433333333,1.1620530516666667,1.1052632083333334,1.1404632366666665,3039.5129567500003,2566.95247389
2016-01-13,1.1102287683333334,1.1042615316666666,1.1102287683333334,1.1042615316666666,1.1046086450000001,508.08742579,466.06787603000004
2016-01-14,1.1256364033333333,1.1336666666666668,1.1336666666666668,1.1256364033333333,1.132346285,60.977787500000005,53.468041459999995
2016-01-15,1.200820705,1.2154460533333333,1.2497111116666666,1.1791970916666665,1.2265883283333332,774.4740323699998,607.9892042600001
2016-01-16,1.209049365,1.248979333333333,1.2497832766666666,1.1816651783333334,1.218523308333333,1719.15418991,1563.2025262400002
2016-01-17,1.2210199866666667,1.2498753,1.2543016683333335,1.2160802750000002,1.24476804,885.9561126,705.95767593
2016-01-18,1.4408050033333335,1.4289545666666665,1.4753628416666666,1.3370610566666665,1.405645915,10802.57118877,7648.36881018
2016-01-19,1.3737593299999997,1.3846192816666667,1.4020785033333334,1.3614899849999997,1.3753536133333333,779.78611927,572.69471092
2016-01-20,1.4467792033333333,1.4575123066666666,1.5122994466666666,1.422579525,1.4723312433333333,1470.27396052,949.81203428
2016-01-21,1.5147843283333333,1.5159604733333334,1.5464179366666668,1.4673480666666665,1.5007102733333333,4606.32847966,3292.4816705299995
2016-01-22,1.5221347033333332,1.5361825733333332,1.5495246616666665,1.5078444299999998,1.5356196316666668,932.21270461,600.60932323
2016-01-23,1.6949477916666666,1.7899810299999999,1.840752865,1.6672015783333334,1.7702536466666665,7407.688090829999,4077.22240361
2016-01-24,2.1092953833333334,2.15569289,2.22490314,1.9517454083333332,2.07463158,5696.967107610001,2750.57092487
2016-01-25,2.234884525,2.296674375,2.4455732633333334,2.172817688333333,2.3358620599999997,16336.200842459999,6889.49670014
2016-01-26,2.6067092916666668,2.5505749216666667,2.7125388850000003,2.253273211666667,2.4462857266666664,11552.233518849998,4904.84598401
2016-01-27,2.3588312666666664,2.4398897499999994,2.48195765,2.296513515,2.3866207816666667,5109.5850890599995,2116.37383198
2016-01-28,2.458250925,2.491530716666667,2.524651656666667,2.3553373016666668,2.447338626666667,2792.5851230300004,1158.2171411099998
2016-01-29,2.5073325383333334,2.519090481666667,2.6071617,2.4043768283333335,2.5185125733333336,6058.436272559999,2364.4333785
2016-01-30,2.4957810366666666,2.5133578583333334,2.5263989199999997,2.458421551666667,2.499438655,362.85354670000004,144.43761994
2016-01-31,2.39535502,2.392625418333333,2.4631460233333335,2.30798566,2.3649889933333332,935.04506004,406.60992262
2016-02-01,2.2315585600000003,2.1779999983333336,2.2659562416666663,2.164,2.201841645,4659.60644517,2097.52988875
2016-02-02,2.2678005016666662,2.2031795133333336,2.30208733,2.130666671666667,2.2553205133333334,1487.90674245,652.26358929
2016-02-03,2.40472724,2.360352155,2.4422509050000003,2.322885626666667,2.3805486916666667,12606.961763930001,5609.715455749999
2016-02-04,2.468587196666667,2.4704559600000002,2.5232984750000003,2.4095935366666668,2.472606835,12655.43837589,5131.37343167
2016-02-05,2.511015991666667,2.5406665166666667,2.5473333333333334,2.4911409966666667,2.536355493333333,7138.2963474,2773.7969316500003
2016-02-06,2.462000025,2.4453333416666667,2.462000025,2.4453333416666667,2.4489035166666664,119.85876162,48.470945289999996
2016-02-07,2.686092941666667,2.6921820133333334,2.7888332649999996,2.6206498966666665,2.71269678,4696.239248220001,1699.90863221
2016-02-08,3.08465579,3.068380746666667,3.1471480083333336,2.979402225,3.045247413333333,3192.55379471,1043.32039314
2016-02-09,3.4647597783333333,3.5599287466666674,3.6791059933333337,3.366010271666667,3.5548319483333333,10744.86568253,2972.60830151
2016-02-10,4.1921130133333335,4.340065161666666,4.676477958333333,3.811546705,4.250965453333333,43527.21250262,10435.46978103
2016-02-11,4.7490353999999995,5.1322832866666666,5.273259065,4.624312943333333,4.987315218333333,15532.04714321,2849.14486956
2016-02-12,5.786677013333333,5.645000211666667,6.245860285,5.0068210849999994,5.738295758333334,90844.45277005,17108.78909791
2016-02-13,5.084226455,5.067228375,5.395995161666666,4.589748246666667,4.900311741666667,27341.796512689998,5725.00397471
2016-02-14,4.892501224999999,4.868570915,5.1369762266666665,4.635162941666667,4.906468261666667,11599.6113004,2371.26758813
2016-02-15,5.406032191666667,5.414811686666667,5.701338358333332,5.211832803333333,5.435432498333334,19534.922698019996,3599.8381825799997
2016-02-16,4.969377771666666,4.871287316666666,5.122114649999999,4.568345323333333,4.841680305,20495.55817237,4322.64047112
2016-02-17,4.145033036666667,3.9933853900000003,4.316463766666666,3.837094225,4.118397493333333,17959.99598508,4417.71032854
2016-02-18,3.9632010233333332,4.038599828333333,4.32483111,3.832149979999999,4.041414461666666,9372.373111379999,2275.69133638
2016-02-19,4.460459898333334,4.5347864200000005,4.665497633333333,4.260368161666666,4.502060435,9900.43129048,2184.44217445
2016-02-20,4.4896825,4.469813801666667,4.555947256666666,4.290016693333333,4.4412006816666665,3063.83739434,714.9000170099999
2016-02-21,4.427916651666666,4.448729295000001,4.5342264666666665,4.313894465,4.438917565000001,3878.5726646599996,864.77210619
2016-02-22,5.063299920000001,5.180389595,5.301005198333334,4.896973513333333,5.115748908333333,16133.88047835,3113.96734826
2016-02-23,5.684227316666667,5.668698605,5.846709146666666,5.451424469999999,5.659669075,30995.994752259998,5442.09135947
2016-02-24,5.68166088,5.796132343333333,5.823944973333333,5.569361716666666,5.748250451666666,33040.61222668,5629.65540728
2016-02-25,6.064259473333333,6.114861993333332,6.182573023333333,5.694401793333333,6.032824618333333,111064.21978858,18211.715827199998
2016-02-26,5.96084947,5.925505313333332,6.106142770000001,5.79443383,5.951003494999999,18278.32011493,3049.20774414
2016-02-27,6.1289171399999995,6.199548728333333,6.250731301666668,6.083302768333334,6.207303345,39635.43556789,6299.63881725
2016-02-28,6.429275738333334,6.443516486666667,6.507613043333333,6.334445866666667,6.427589470000001,19448.33191572,2996.0006908100004
2016-02-29,6.415491751666667,6.424715783333333,6.50333888,6.257252228333333,6.388280065,13349.47617835,2113.50116803
2016-03-01,6.566495375,6.81790557,6.966129756666667,6.258365993333332,6.744707178333333,70136.68393763,9873.55686362
2016-03-02,7.937546515000001,8.032541323333334,8.23800793,7.7592788766666665,7.96666747,18955.42437434,2362.24603702
2016-03-03,9.069869693333333,9.197331685,9.675951688333333,8.322780501666665,8.999910111666667,60520.03930067,6600.454714639999
2016-03-04,9.17718172,9.251103525,9.555123681666666,8.864241415,9.168558538333333,43812.40579259,4703.2323623699995
2016-03-05,10.903022145,10.947978171666668,11.382708,10.251772699999998,10.850788668333335,120464.13328931,10693.589544540002
2016-03-06,11.070426791666664,11.228844423333333,11.583825501666666,10.396816778333333,11.018653833333332,110349.97608853999,10100.847731830001
2016-03-07,10.207818226666667,9.97290298,10.634526543333331,9.68286795,10.092354645,60808.968895570004,6131.35071126
2016-03-08,9.352341861666668,9.451401513333334,9.809783191666666,9.085554255,9.416016266666666,50442.07246031999,5531.736458009999
2016-03-09,10.403416278333333,10.655911848333332,10.9079407,10.176748111666667,10.617946418333332,70586.02323685,6388.9699674799995
2016-03-10,11.507391186666666,11.463931706666669,11.842870755,11.187584618333334,11.514702636666668,52974.52135997,4668.20093834
2016-03-11,11.077785543333334,11.009783896666667,11.418151721666666,10.812833696666667,11.118330945000002,42165.69099305,3800.8252363700003
2016-03-12,12.915760858333334,13.237609909999998,13.474173146666667,12.526440098333333,13.085689188333335,121604.45496883999,9357.15019495
2016-03-13,14.205521403333334,14.300903270000001,14.650240406666667,13.734997443333333,14.304602418333332,131796.97999508,9158.69768627
2016-03-14,13.446055618333332,13.037652286666665,14.32538803,12.405365096666666,13.282254683333335,168112.10270629998,12840.71174006
2016-03-15,12.562603368333333,12.657603411666665,13.026819941666666,12.202313631666668,12.485962036666665,19042.79977519,1523.2445931300003
2016-03-16,13.209669556666668,13.136746265,13.423099786666667,12.802448163333333,13.131250235000001,13147.91131728,999.32487548
2016-03-17,11.771746816666665,11.425138206666666,11.988734373333335,11.145805000000001,11.624828554999999,83338.95744258999,7321.49658394
2016-03-18,10.229504996666668,10.230399994999999,10.84682073,9.47551667,9.994805596666668,132757.11399294,13767.25691884
2016-03-19,10.445492271666668,10.380996358333332,10.804338076666667,10.053225038333332,10.455121881666665,30614.01597615,2966.3732192899997
2016-03-20,10.285280151666665,10.200988218333334,10.474561985,10.044034286666665,10.181692356666668,26716.789849380002,2645.18728971
2016-03-21,10.839032191666666,11.077744090000001,11.265385901666667,10.661859765,10.996998151666666,49059.68701708,4392.15162864
2016-03-22,11.566751224999999,11.462788916666668,11.764171343333333,11.205642253333332,11.531286256666668,26832.489102710002,2337.3826677499997
2016-03-23,11.691124960000002,11.89536259,12.050976501666666,11.636159768333334,11.868977181666667,20409.585212640002,1706.6154595500002
2016-03-24,11.483857706666667,11.263657998333334,11.741870773333332,11.046701453333334,11.394692396666668,33844.88219201,2978.74168738
2016-03-25,10.80257226,10.685653348333334,10.960834328333334,10.532520884999999,10.753655616666668,7422.51404175,694.68982598
2016-03-26,10.821878258333333,10.862040386666665,11.024925748333331,10.707148691666667,10.859292213333333,10726.57198012,1003.3903719299999
2016-03-27,10.716096450000002,10.658514943333333,10.814693629999999,10.528250401666666,10.691522798333333,17685.439515799997,1687.0792183199999
2016-03-28,11.135329693333334,11.357616543333334,11.551437223333336,10.973230651666666,11.286746166666667,36870.89923554,3243.92474278
2016-03-29,11.595135453333333,11.577499903333333,11.732228829999999,11.399016965000001,11.583105328333334,45774.35750957001,3919.4280406599996
2016-03-30,11.810989013333332,11.836572313333333,12.013061281666666,11.674053763333333,11.887325314999998,23394.00568859,1970.32281817
2016-03-31,11.86797154,11.761951133333334,11.93519562,11.693413640000001,11.829949531666665,6915.9969155,585.13808704
2016-04-01,11.649648006666666,11.621469086666666,11.795799981666667,11.544271923333334,11.65672250166667,2184.55564915,187.30735106
2016-04-02,11.500776608333332,11.513824495,11.635239961666665,11.425964861666666,11.518910066666669,4217.4004666,366.62711182
2016-04-03,11.601490055,11.630737128333331,11.685613181666668,11.539849516666665,11.664637421666667,12395.82926568,1062.28396927
2016-04-04,11.454663356666666,11.371657785000002,11.507091608333333,11.281221833333333,11.374672865,19115.85122446,1689.1124593400002
2016-04-05,10.816487048333334,10.716812533333334,10.898101563333334,10.584763766666667,10.725985813333333,22553.23313722,2102.80466154
2016-04-06,10.626993078333333,10.673411906666665,10.793461540000001,10.504349235000001,10.66797499,12904.980960240002,1201.7918225
2016-04-07,10.440480364999999,10.385360688333334,10.544065736666667,10.278767255,10.380705135,20641.9019941,2035.5971317900003
2016-04-08,9.999238385,9.924434066666667,10.098591229999998,9.792789874999999,9.917416574999999,25808.26674441,2629.39696672
2016-04-09,9.665314986666667,9.540700501666667,9.796937111666667,9.44217228,9.577803921666666,45152.53195408,4852.97513584
2016-04-10,8.74609455,8.715789854999999,8.977465845,8.266203283333335,8.576689430000002,72418.01934912,8700.82001326
2016-04-11,8.58854656,8.578539515000001,8.707775651666667,8.352000003333334,8.535467368333334,15756.42342364,1860.9598965799998
2016-04-12,8.017328918333334,7.804734853333334,8.142567184999999,7.661509413333334,7.873860823333334,40416.65134353,5238.14353759
2016-04-13,7.72235039,7.802706971666666,8.095620618333333,7.56934756,7.806490851666666,24494.79832056,3088.23650823
2016-04-14,8.384187796666668,8.437420445,8.57569326,8.275620980000001,8.426965938333334,25730.55713509,3056.8223931999996
2016-04-15,8.408864478333333,8.353584491666668,8.510951505,8.271387173333334,8.376234270000001,15505.503040110001,1847.98383379
2016-04-16,8.294144574999999,8.358773925,8.448123576666667,8.251128055,8.350024513333334,12644.76130747,1496.65026459
2016-04-17,9.24840885,9.322643041666668,9.587870465,9.051760858333333,9.366810596666665,34657.45270978,3709.61892269
2016-04-18,9.127979988333335,9.114161203333332,9.289393846666668,8.912684835,9.095861078333334,30690.65321407,3372.9016383299995
2016-04-19,9.154465908333334,9.122647188333334,9.258087946666667,9.013649165,9.127569153333333,41966.34811521,4673.70218782
2016-04-20,8.696162891666665,8.644658026666665,8.802419028333333,8.54681045,8.64456602,14716.34980671,1705.9058249399998
2016-04-21,8.591939686666667,8.546661766666668,8.851041363333334,8.432694295,8.669222335,42961.3209427,5069.8475669399995
2016-04-22,8.115995893333332,8.079557075,8.25151245,7.982227571666667,8.11143446,21142.3537833,2631.47367789
2016-04-23,8.053749165,8.122900920000001,8.235400061666668,7.946772956666666,8.085042491666666,16089.11746883,1986.55737143
2016-04-24,8.277410951666667,8.190578015,8.372257688333333,8.131171716666666,8.242163378333332,16218.66627226,1969.9293390999999
2016-04-25,7.953822496666667,7.873139918333333,8.024076668333333,7.767035589999999,7.894971486666667,51039.39509064,6540.52210599
2016-04-26,7.42926094,7.371339989999999,7.552371583333334,7.235189218333335,7.374778531666667,24851.205201369998,3343.45050885
2016-04-27,7.581360331666667,7.621115786666667,7.741774360000001,7.492304696666667,7.6283160400000005,26331.06516492,3422.02633475
2016-04-28,7.45046931,7.344844601666668,7.528126663333334,7.275084723333333,7.37275308,37107.7154519,5040.7334820099995
2016-04-29,7.444903516666668,7.507988783333334,7.607400245000001,7.384455811666666,7.483317035,8081.555528899999,1073.60112297
2016-04-30,8.185289475,8.379642356666666,8.559106771666666,8.003091186666666,8.228348801666666,67940.43298743,7897.9955573
2016-05-01,8.613082163333333,8.609997873333334,8.83204776,8.50797715,8.666623383333333,21309.69315735,2447.5914915000003
2016-05-02,9.382858996666668,9.599475075,9.739218453333333,9.299948488333333,9.564764108333334,71626.92959788,7314.74581056
2016-05-03,9.680650175000002,9.556248069999999,9.793290878333332,9.426385795,9.564804663333332,20099.890541269997,2095.37731772
2016-05-04,9.545648571666666,9.565410641666666,9.705854136666668,9.427466983333334,9.564492108333333,17418.52247664,1808.0412066499998
2016-05-05,9.553930951666667,9.588564836666668,9.725001863333333,9.460021651666665,9.585893523333334,16358.724378120001,1677.42100529
2016-05-06,9.71565972,9.623541473333333,9.802651348333333,9.489644685,9.600879353333335,25049.35659507,2643.28335611
2016-05-07,9.327939148333334,9.349751411666668,9.436382786666668,9.223295551666666,9.364728778333335,16187.49748781,1730.91933146
2016-05-08,9.27303106,9.311311763333334,9.427005078333332,9.187700251666667,9.316328691666666,20074.70421056,2176.7945239399996
2016-05-09,9.470469733333333,9.422257994999999,9.537186738333334,9.37611375,9.454216025000001,9530.772792430002,1007.90626254
2016-05-10,9.374942756666668,9.378691211666668,9.505087873333332,9.297916756666668,9.42197183,16615.01416371,1756.6816322999998
2016-05-11,9.648572523333334,9.743582071666667,9.783243389999999,9.584154381666668,9.687785225,21241.070239980003,2175.97110745
2016-05-12,10.100279563333332,10.108926908333334,10.260000071666665,9.983093298333335,10.144465126666667,22727.9136403,2235.7659294900004
2016-05-13,10.497238111666666,10.510107735,10.746926234999998,10.253225851666668,10.541535159999999,22730.82089945,2137.77115685
2016-05-14,10.183555691666665,10.123933408333333,10.366056683333333,9.998814528333332,10.245938943333334,30566.002750430005,3005.4854052200003
2016-05-15,10.171674033333334,10.12581858,10.299129684999999,10.024146120000001,10.178920996666667,26839.056966790005,2628.5903199000004
2016-05-16,10.478826471666666,10.668412865,10.841418338333334,10.364697526666665,10.62678027,41432.73241251,3809.9654788899998
2016-05-17,11.67429173,11.75792342,12.007511631666665,11.48019438,11.79982871,44644.55240779,3710.6178957300003
2016-05-18,12.814659265000001,13.040924566666666,13.297165581666668,12.521848695000001,12.941329568333332,81500.85697157,6224.14718447
2016-05-19,13.764334241666667,13.943673539999999,14.072297925,13.538519326666668,13.855827896666668,76904.29410018,5525.27900288
2016-05-20,14.241347943333333,14.047435036666668,14.484314788333334,13.694173453333335,14.019628543333333,88878.12040233,6345.872590860001
2016-05-21,13.40089827,13.459021721666668,13.599628619999999,13.135542796666668,13.322467626666667,42629.327553669995,3271.8708253800005
2016-05-22,13.907402140000002,13.962700003333333,14.019517826666666,13.612374128333334,13.866540449999997,42938.53288786,3131.92459689
2016-05-23,13.957478110000002,13.841409466666667,14.068884893333335,13.665055199999998,13.808212730000001,45790.02712889,3311.7489821000004
2016-05-24,12.934828496666666,12.873195848333332,13.288454558333333,12.627709096666669,12.907996455000001,41124.81442501,3244.46622204
2016-05-25,12.405027876666665,12.391933076666666,12.637405415000002,12.143814336666667,12.430210455,34558.37054555,2789.23157708
2016-05-26,12.498056571666666,12.451382858333332,12.601565913333332,12.268023483333332,12.409361093333333,12033.29095282,969.2027810999999
2016-05-27,11.325083641666666,11.106877226666667,11.598314818333336,10.719838556666666,11.114616875000001,69121.9259732,6140.60944498
2016-05-28,11.311046506666669,11.316641065,11.654341143333333,10.759152066666665,11.199444968333333,115801.34956585999,10291.06912983
2016-05-29,11.85947713,12.056365283333335,12.290834831666666,11.58166335,11.933985963333333,88393.51647089,7344.8390148
2016-05-30,12.427647078333335,12.458933083333333,12.587361853333334,12.266764808333333,12.444290198333332,67297.80465155,5430.977100679999
2016-05-31,13.099552730000001,13.310981538333335,13.516219106666666,12.973905985000002,13.268155256666667,101803.92455523001,7496.75949998
2016-06-01,13.792575954999998,13.767088361666666,14.013691498333335,13.650194810000002,13.79703904,103641.66143685,7537.025987900001
2016-06-02,13.832207628333334,13.842532423333333,13.940674848333336,13.672658855,13.805443476666666,42745.92877625,3098.4916365500003
2016-06-03,13.666422885000001,13.700935268333334,13.801523335,13.580771153333336,13.661379458333334,61632.08989411999,4540.66960459
2016-06-04,13.773407931666668,13.773938793333334,13.870112606666666,13.608840341666665,13.749388934999999,69981.33047114001,5081.62565644
2016-06-05,13.831885966666668,13.838809866666667,13.904921033333332,13.717592436666665,13.840131108333333,31501.98507959,2267.24701785
2016-06-06,13.845333768333333,13.831815919999999,13.954772881666665,13.753955113333333,13.855925943333332,15820.464822369999,1144.7907900199998
2016-06-07,14.039636743333332,14.161149433333334,14.188333331666668,13.942153871666667,14.072874653333331,49525.09714082,3488.27703491
2016-06-08,14.565993246666666,14.544459053333332,14.701988700000001,14.382865546666666,14.5740836,71158.56931458,4882.50667491
2016-06-09,14.421040005,14.42997568,14.49670083,14.325305653333333,14.396740503333334,41806.63898889,2906.02853143
2016-06-10,14.181972688333332,14.098349146666665,14.256225496666667,13.994081623333335,14.112985508333333,60734.34202229,4306.86943072
2016-06-11,13.970273578333334,13.971320451666665,14.046685436666666,13.833540509999999,13.919264319999998,23018.55569279,1651.3256835400002
2016-06-12,14.377890911666666,14.654666671666668,14.769419558333333,14.257801633333335,14.560442285,298616.78628664,20284.48234204
2016-06-13,16.220061931666667,16.57666833833333,16.759668333333334,16.095846766666664,16.431352538333332,405726.30122604,24390.02735131
2016-06-14,17.650697296666667,17.828180641666666,18.479181326666666,16.694459661666667,17.516242141666666,615978.627263,35662.50544955
2016-06-15,18.26612419666667,18.195131066666665,18.434657681666668,17.882867298333334,18.110814458333333,234251.15921797996,12955.168175480001
2016-06-16,19.364499335,19.725749338333333,19.989560716666663,19.116166675,19.593573796666664,864024.50842758,43785.37480511
2016-06-17,18.335491673333333,17.485336251666666,18.901650008333334,15.918966666666668,17.240123538333336,2325896.70242289,137898.79970207
2016-06-18,13.095523069999999,12.465211388333335,13.707744318333333,11.197118979999999,12.535739113333335,1493287.13275656,128144.84854691001
2016-06-19,12.272885675,12.442637388333331,13.04986527833333,11.754672450000001,12.368218358333332,519687.10976828,42284.66789023
2016-06-20,11.831075343333332,11.745372798333333,12.081684071666666,11.270516318333335,11.711357046666668,319425.24907573,27985.12884854
2016-06-21,11.882428498333333,12.121624258333334,12.393833141666667,11.484232796666667,11.943315153333335,621441.22492775,51487.52664826
2016-06-22,14.300923471666666,14.375120756666668,14.983795653333333,13.540843619999999,14.273110731666668,1189383.19802408,82745.57295577
2016-06-23,13.182321271666666,13.306006365,13.771149215,12.841700001666666,13.282594051666665,473759.95541617996,35555.71455506
2016-06-24,14.022036875,14.08154435,14.311666666666667,13.691372341666666,14.083432324999999,307792.16499915,21930.18699003
2016-06-25,14.330174996666665,14.331812734999998,14.57327800666667,14.101253225,14.345559253333334,142028.75809649,9862.666007009999
2016-06-26,14.03812867,14.02295987166667,14.168001618333335,13.862724810000001,13.991287649999999,83205.46802617,5972.048787819999
2016-06-27,13.936741328333333,13.965641333333332,14.052932066666665,13.804306751666667,13.942752485,128937.20032527,9247.68948508
2016-06-28,13.317930310000001,13.067749013333332,13.484081385000001,12.829409406666665,13.072911813333334,467357.56672223995,37850.81306201
2016-06-29,12.228236641666667,12.277356876666667,12.500857688333333,11.962388395,12.199622083333333,184400.66705286,15093.18349221
2016-06-30,12.481384284999999,12.471877903333331,12.660288853333332,12.374833778333334,12.487045899999998,62067.84159263,4993.60489262
2016-07-01,12.221514706666667,12.127809381666665,12.356575651666667,12.031854473333333,12.178291543333335,142970.19908133,11827.359195780002
2016-07-02,12.087851745,12.107669231666668,12.181416613333335,11.949124011666667,12.036079283333335,119032.59330154001,9906.06817894
2016-07-03,11.909425085,11.914964028333332,12.013549705,11.794536706666667,11.907068733333332,165331.384154,13958.59553685
2016-07-04,11.573956085,11.514515208333334,11.682213236666668,11.170956348333334,11.350081921666666,526049.4532026399,49240.37953969001
2016-07-05,10.635539346666667,10.45600015,10.795347165,10.131083911666666,10.488769666666666,642747.3764404999,62296.35027033
2016-07-06,10.612763403333332,10.531456304999999,10.834894753333336,10.324324981666665,10.583824435,173814.68653913,16407.28604439
2016-07-07,10.069279421666666,9.998585218333332,10.220320185,9.720622476666666,9.985591511666668,133163.59138405,13441.88908744
2016-07-08,10.339423796666665,10.538058828333332,10.699705181666666,10.267041480000001,10.532000130000002,343149.37494776,31794.056709570003
2016-07-09,10.951175021666666,10.943302466666665,11.090546651666665,10.728257675,10.950275493333335,73988.66858138,6769.345571250001
2016-07-10,10.922252298333333,10.890939650000002,10.974418591666668,10.801695095,10.887315143333334,10176.82911055,932.4047204700001
2016-07-11,10.675701535,10.573724839999999,10.753216725,10.455398001666666,10.613590111666667,70771.11456541,6689.0156248
2016-07-12,10.608842608333333,10.61057628,10.710310965,10.485101073333334,10.570441825000001,74948.70971837,7073.682320760001
2016-07-13,10.497978881666667,10.543300975,10.580672985,10.462838526666665,10.510098986666668,39190.39463853001,3713.48700017
2016-07-14,11.064039403333332,11.22118994,11.357250463333331,10.93813376,11.141952654999999,221092.97841014003,19722.18766061
2016-07-15,11.918203148333333,11.972458780000002,12.216431783333334,11.809787041666667,12.029517740000001,159273.54535356,13202.553969640001
2016-07-16,11.87773333,11.798335396666666,11.950573258333334,11.732768140000003,11.814851803333333,40342.839606730005,3409.91309153
2016-07-17,11.445026168333333,11.388701668333333,11.53287004,11.266196630000001,11.38561698,80926.8014753,7141.344435770001
2016-07-18,11.453606996666666,11.385964485,11.58846781,11.301381673333333,11.449625645,391796.23556564,33886.263252430006
2016-07-19,11.318800276666666,11.42803061,11.612229006666666,11.216068524999999,11.410407965,207765.92899451,17736.82436639
2016-07-20,12.068644516666666,12.240440831666668,12.48916595,11.891535008333335,12.188641978333335,352688.51372617995,28533.72637271
2016-07-21,12.409050878333332,12.387546548333333,12.558600323333332,12.265849678333334,12.4330932,112158.31389766,9018.94551325
2016-07-22,13.387695188333334,13.693333345000001,13.887480448333333,13.171319946666666,13.55854876,589388.53564231,41978.17251037
2016-07-23,14.450039975000001,14.387179486666668,14.617758748333335,14.209008261666666,14.382464725,280888.23725669,19551.541967279998
2016-07-24,13.566578026666667,13.315814029999999,13.760790336666668,12.988103436666668,13.363903891666666,554009.75877039,41081.88147674
2016-07-25,13.246969943333335,13.407040493333334,13.582062995,13.056911730000001,13.352171866666666,131054.27590369999,9819.57669658
2016-07-26,13.047137973333333,12.763698038333333,13.119467126666665,12.492166835,12.745786951666668,753822.1036004601,60763.52144539
2016-07-27,12.614203006666665,12.768488646666668,12.971820150000001,12.349082335,12.653028890000002,342543.93438877,27426.57914419
2016-07-28,12.794072954999999,12.795963285,12.942174511666666,12.623519438333334,12.759217406666666,96661.30912446001,7597.50596092
2016-07-29,12.741003285,12.692042335000002,12.843153028333333,12.611857011666666,12.720516075,47181.05988076,3712.21337536
2016-07-30,12.684960711666667,12.644660688333333,12.784363610000002,12.593230155,12.685942651666666,17970.52416271,1418.48846724
2016-07-31,12.143388171666667,12.025564646666666,12.314393196666666,11.910567201666666,12.048178305000002,147280.51636866003,12429.366826720001
2016-08-01,11.648699816666666,11.479130355,11.718295883333333,11.338601908333333,11.509359885,145221.41202077,12769.525718879999
2016-08-02,10.296959965000001,9.931724118333333,10.569719808333334,9.461648163333333,10.018665206666668,1172890.8641622602,126001.09420678999
2016-08-03,9.302426083333332,9.596598748333333,9.981497811666665,9.114026805,9.515031783333333,675976.04360536,71077.1103979
2016-08-04,10.832434425,10.951717856666667,11.159345909999999,10.564626063333334,10.908349646666666,486718.42496551,44300.638477069995
2016-08-05,11.00344704,10.927389455000002,11.100024580000001,10.801753225,10.933117476666666,120206.43403251,11012.74509521
2016-08-06,10.60865613,10.59059332,10.808975736666667,10.455816728333334,10.646080373333334,97496.41569519,9179.64801346
2016-08-07,11.025457321666666,11.062691280000001,11.223791528333335,10.875390541666667,11.04544963,115569.24375151,10427.289020069999
2016-08-08,11.130755683333334,11.154082573333334,11.244709661666667,11.01065485,11.163346993333333,88385.84528390999,7913.7840694100005
2016-08-09,11.771975853333336,11.969779833333334,12.137875723333332,11.65719467,11.885385363333333,465640.40639720997,38371.35904627
2016-08-10,12.537623243333334,12.51570068,12.652621318333331,12.259389515,12.446567036666666,482450.16714789,38990.316318900004
2016-08-11,11.959353173333334,11.85294863,12.095660616666665,11.758157781666668,11.875705533333331,316552.46987979,26596.08450011
2016-08-12,11.79287337333333,11.799396200000002,12.000370485,11.70606774,11.871384083333332,164149.86543862,13738.744553669998
2016-08-13,11.702161783333333,11.651503364999998,11.747883513333333,11.589593463333335,11.667632886666667,92780.5618519,7966.32653437
2016-08-14,11.452878926666665,11.383672141666665,11.549319858333332,11.276669805,11.402942855,254329.73039252998,22728.85440922
2016-08-15,11.149466393333332,11.143316155,11.274933841666666,11.052434933333332,11.182017001666665,149165.56231305999,13331.70252166
2016-08-16,11.14383207,11.128184026666666,11.190833331666667,11.036617314999999,11.102584381666667,52042.48576324999,4683.59854829
2016-08-17,10.93537062,10.897695728333332,11.039414798333333,10.560303161666667,10.77688611,239891.02056816997,22295.6518889
2016-08-18,10.876840485,10.85761735,10.953416400000002,10.781594980000001,10.866359911666665,91054.21579526,8400.806861949999
2016-08-19,10.711294945,10.725164911666667,10.778861336666667,10.589425895,10.666977256666664,71460.84001280999,6726.0452829099995
2016-08-20,11.02312992,11.081472673333332,11.179248978333334,10.967001713333334,11.086723796666666,134071.21205093,12098.692762319999
2016-08-21,11.138331583333333,11.144159574999998,11.166151496666666,11.060242938333332,11.119312691666666,27594.17774256,2480.63946397
2016-08-22,11.23245046333333,11.22177594,11.340457821666666,11.143608495000002,11.238902578333333,98527.91848598,8795.07244324
2016-08-23,11.107125705,11.10633361,11.178628013333332,10.989294063333332,11.077782046666664,97661.98244854,8838.778238899999
2016-08-24,11.070016703333332,11.110071911666667,11.15515499,11.00478702,11.07769233,21617.18115069,1949.37034431
2016-08-25,11.172731214999999,11.227247711666669,11.283718056666666,11.100863246666664,11.201974161666667,62104.61629758999,5538.74073045
2016-08-26,11.287745109999998,11.296254266666667,11.364244730000001,11.189497979999999,11.271175894999999,55127.06781983,4889.756625600001
2016-08-27,11.206656241666666,11.154345091666668,11.261516616666666,11.117897676666667,11.207575741666666,27502.43593521,2456.14568448
2016-08-28,11.051281111666668,11.006610818333336,11.121496186666667,10.90337442,10.994241064999999,120826.61642842999,11016.39501763
2016-08-29,10.95457552,10.973906023333333,11.085771161666665,10.806677618333334,10.967382331666668,121377.44862737,11053.57122328
2016-08-30,11.143284471666666,11.14333105,11.251045731666666,11.046450158333334,11.166765345000002,88000.78053121999,7871.609868709999
2016-08-31,11.349572618333335,11.437233460000002,11.485886486666665,11.279597111666668,11.400197070000003,138156.21341138,12086.498980400002
2016-09-01,12.131469359999999,12.197003005,12.385870916666667,11.868575835000001,12.133713431666669,153567.8343477,12645.271058220002
2016-09-02,12.079343498333335,12.102235258333332,12.204892975,11.753297235,11.994741755000002,258282.35147655001,21865.68435616
2016-09-03,11.95201291,11.951051901666666,12.14467619,11.720118468333332,11.893687585,213287.85785462998,17999.92113118
2016-09-04,11.824682921666666,11.746010145,11.89295731,11.686871105000002,11.756917343333335,110923.37575644,9415.09060074
2016-09-05,11.764912613333331,11.788381985,11.847912111666666,11.677547496666667,11.783476686666667,99044.84579588001,8405.74661515
2016-09-06,11.669859023333332,11.670906088333332,11.754782319999999,11.572439435,11.668053780000001,61407.85913415,5263.561609750001
2016-09-07,11.67960686,11.682632963333333,11.778852698333331,11.618313496666667,11.702769773333335,75001.85055389999,6398.64398531
2016-09-08,11.549413756666667,11.540659363333333,11.668686691666666,11.461866681666665,11.574229208333334,158799.85267569998,13775.200238489999
2016-09-09,11.598438938333333,11.668939023333332,11.701323581666665,11.550807578333334,11.640009816666664,75914.91369519,6461.820106250001
2016-09-10,11.699695606666667,11.791287271666667,11.845804413333333,11.649698326666668,11.741713046666666,82613.74951046,6933.4215755
2016-09-11,11.992321591666666,11.890237220000001,12.080811271666667,11.818672226666665,11.918488263333332,99926.57432224,8423.94989753
2016-09-12,11.826212055,11.871214136666667,11.952663426666668,11.73079646,11.848348113333335,113270.24659823,9590.4200038
2016-09-13,12.051931256666668,12.034326515000002,12.283420056666666,11.97238409,12.103491978333333,397188.65954687,32435.21651229
2016-09-14,11.990238051666667,12.029977083333334,12.096709073333335,11.959082525,12.012522643333334,71949.02079604,5992.55219152
2016-09-15,12.108206946666668,12.116386081666668,12.266263431666665,12.021950365,12.090222658333333,166118.36873837002,13685.732487660001
2016-09-16,12.251711866666668,12.306685605,12.427098885,12.159706491666668,12.311864723333334,184509.87764766003,14683.3613188
2016-09-17,12.627563258333334,12.672533885,12.749655263333333,12.566928691666666,12.668971238333333,48438.10619095,3813.77688942
2016-09-18,12.755590468333333,12.703833369999998,12.88473066,12.570464295,12.711000686666667,249945.68819758,20003.73247052
2016-09-19,12.813271366666667,12.940140095000002,13.018650863333335,12.728657348333334,12.869121421666668,122903.22051637998,9515.85632026
2016-09-20,13.579596896666667,13.768387778333333,13.94737446,13.49468789,13.737008836666668,439148.49410805,31860.57009193
2016-09-21,13.811834798333335,13.705259708333335,13.997664895,13.525321884999999,13.73278372,197471.20692609999,14372.20115009
2016-09-22,13.163686493333335,13.11014846,13.348439446666665,12.883010698333335,13.064810063333331,171048.44220202998,13245.703127029998
2016-09-23,13.331513518333333,13.294018908333333,13.435290638333335,13.22371227,13.370735041666668,201191.58189173,14945.595657969998
2016-09-24,13.081281281666667,13.01782043,13.155292501666667,12.922409143333333,13.041797055000002,51245.86888705001,3933.59224557
2016-09-25,12.960566215,13.011342800000001,13.059087781666667,12.892722576666666,12.976129236666667,14317.36741638,1105.21551955
2016-09-26,12.926482811666666,12.871372011666665,13.031622976666666,12.826079798333332,12.938716341666668,49797.47649383,3847.9664159599997
2016-09-27,13.04041928,13.056382058333332,13.13933218666667,12.978857835,13.049339538333333,46738.76520936,3582.20076378
2016-09-28,13.278440973333334,13.285743521666667,13.375452198333333,13.184505608333334,13.291377680000002,72545.91795378001,5433.9391557300005
2016-09-29,13.17488791,13.132688945,13.221475281666669,13.102169423333331,13.152976165,26315.58322264,2001.91690511
2016-09-30,13.186698796666667,13.194053653333334,13.274390346666669,13.142036875000002,13.220452556666665,28504.317693169996,2154.72311493
2016-10-01,13.20787557,13.184792476666667,13.271464103333331,13.119192176666665,13.188756338333333,47383.70480076999,3593.0627662200004
2016-10-02,13.16742772,13.166375353333335,13.255594284999999,13.133519564999999,13.177585586666668,25765.84277839,1953.7420745099998
2016-10-03,13.241711571666668,13.270018003333334,13.32957305,13.2041986,13.278443085000001,46492.038504129996,3487.6598863400004
2016-10-04,13.419508188333332,13.36593448,13.471595655000002,13.321692079999998,13.399687595000001,56185.242874569994,4194.43336676
2016-10-05,13.25272667,13.224358083333334,13.342855505000003,13.177178353333332,13.248570446666669,109074.9839065,8242.373170539999
2016-10-06,12.928358420000002,12.938962953333332,13.033692744999998,12.829981668333334,12.893617650000001,71570.51321484,5562.06134767
2016-10-07,12.763169183333334,12.757853586666664,12.846110153333333,12.682925471666666,12.761922863333334,48409.69994269,3803.8585148899997
2016-10-08,12.381022376666666,12.301903205,12.418122593333331,12.227233038333333,12.309749791666666,137917.76945168,11256.77717355
2016-10-09,12.212881066666666,12.211301833333332,12.315757964999998,12.150937659999999,12.214344505,51800.88280956,4252.67238351
2016-10-10,11.913119976666666,11.851313495,11.982354549999998,11.774177833333335,11.859071693333332,62760.30643733,5306.42804144
2016-10-11,11.970958171666666,11.976063333333334,12.126784330000001,11.828356201666667,11.962454476666666,79801.98385268,6664.72087898
2016-10-12,11.84327276,11.885005045,11.977329826666667,11.775244921666667,11.85843921,94849.61195686,8010.77758977
2016-10-13,11.962306185000001,11.979916891666667,12.081158066666667,11.869070641666667,11.962977765,47842.1025984,3995.91877238
2016-10-14,12.01100984,11.97988224,12.053446993333333,11.928380618333335,11.982581093333335,19229.08297274,1605.36525656
2016-10-15,11.916495713333333,11.938604886666665,11.979382341666666,11.858390431666665,11.926693321666667,33046.61584051,2767.5688314999998
2016-10-16,12.003648140000001,12.011063706666667,12.067121786666666,11.951219546666666,12.006980825,19112.82662783,1590.7541187499999
2016-10-17,11.970173221666665,11.972525956666667,12.025082823333333,11.900064431666669,11.972000006666667,21393.7474878,1785.7702597500002
2016-10-18,12.41092804,12.517577198333333,12.612534858333333,12.338522968333331,12.479237438333334,88969.40268287,7109.47445579
2016-10-19,12.360231921666667,12.263370325000002,12.423417655000002,12.201298415000002,12.291721858333334,105888.93067840001,8631.588141279999
2016-10-20,12.11523904,12.104876984999999,12.236630141666668,12.047817201666666,12.14858922,21606.08361243,1774.91344273
2016-10-21,12.14095548,12.125260066666668,12.203963671666665,12.079162721666668,12.142772933333333,4223.84919754,348.04890740999997
2016-10-22,12.161887549999998,12.180917801666666,12.252393945,12.118168423333332,12.168894083333333,46638.08196274,3818.27229025
2016-10-23,12.140949128333332,12.121820139999999,12.175840475,12.074344636666666,12.106500953333333,37118.124912980005,3066.30448999
2016-10-24,12.048450211666667,12.033441641666665,12.094301523333334,12.012026946666666,12.051215468333334,18567.382591949998,1542.61046002
2016-10-25,11.65789531,11.555461973333335,11.74407701,11.434264731666666,11.5780294,106576.19776692001,9223.22425222
2016-10-26,11.521499505,11.534719519999998,11.645559433333332,11.474711146666666,11.550423721666666,38238.28725702,3313.67039371
2016-10-27,11.408918114999999,11.407464125000002,11.529228113333332,11.329186048333334,11.425725625,119727.91393702998,10461.893591580001
2016-10-28,11.310017036666666,11.267874864999998,11.415638693333333,11.172003848333334,11.267209198333333,101501.48749005,9059.9380399
2016-10-29,10.788292734999999,10.698306321666669,10.927890875000001,10.430817831666666,10.664480361666667,284452.70852881,27474.023283939998
2016-10-30,10.641093194999998,10.738394396666669,10.911114823333333,10.542028535,10.710531503333334,71031.34197098999,6595.85793825
2016-10-31,11.287865116666666,11.218497646666668,11.382297745,11.051109305000002,11.197793128333332,114261.30097819,10223.90246798
2016-11-01,10.785652059999999,10.751433320000002,10.998210175000002,10.551048516666667,10.751257609999998,219297.04530402998,20460.74243499
2016-11-02,10.961122443333332,10.949113258333332,11.109608086666666,10.81915778,10.967117553333333,70470.30161853001,6421.12481698
2016-11-03,10.96511405666667,10.968968613333333,11.091275071666667,10.856631358333333,10.992240968333334,119174.8410713,10815.39707085
2016-11-04,10.987771588333333,11.028487788333335,11.074871321666668,10.898321478333331,10.991551501666668,66542.03336603001,6050.13669297
2016-11-05,11.083307845,11.067050721666666,11.182631673333333,11.023785586666667,11.101124135000001,32284.29609821,2907.21477332
2016-11-06,11.063811948333333,11.003639364999998,11.130231178333332,10.99676962,11.04267529,30778.50131065,2786.25971775
2016-11-07,10.93942962,10.881990538333334,10.978001025000003,10.868876405,10.915535613333333,32725.28669721,2994.43120408
2016-11-08,10.863015578333332,10.877819975,10.957879714999999,10.810134103333333,10.881302606666667,39764.833705569996,3654.68649937
2016-11-09,10.625456416666667,10.576737366666665,10.808565355,10.478262575,10.615951381666667,216288.74926255,20420.99837564
2016-11-10,10.579156306666667,10.561494223333334,10.673226058333334,10.524510956666665,10.581493275,20271.278216520004,1915.84783098
2016-11-11,10.439524343333334,10.405935905,10.523073528333333,10.341384491666666,10.413331471666666,38095.68231929,3657.67528581
2016-11-12,10.151030345,10.096446273333333,10.248694795,9.959491166666668,10.076001746666668,136584.41755428002,13783.047023710002
2016-11-13,10.089296445,10.09571895,10.278162244999999,9.965502206666669,10.110759280000002,54333.24839869,5377.2288650400005
2016-11-14,10.048567341666667,10.036292573333332,10.11880716,9.977468678333334,10.047949825,28112.76510682,2794.96715379
2016-11-15,10.061189731666667,10.092827676666666,10.163299996666668,9.987845978333333,10.095287543333335,105264.6094176,10440.51741176
2016-11-16,10.201864496666667,10.200763958333333,10.288339123333333,10.089938985,10.205187508333333,119721.95763334,11722.06930114
2016-11-17,10.050583423333334,10.038629456666666,10.142704996666668,9.946239333333333,10.038986539999998,67318.76892617001,6692.986496850001
2016-11-18,9.748733673333334,9.674354781666667,9.823530956666668,9.590215606666668,9.699963058333333,109699.51289423,11382.498368569999
2016-11-19,9.639436641666665,9.654708151666666,9.745805801666666,9.580186593333336,9.678423853333333,52008.14932425,5361.3496754200005
2016-11-20,9.63981113,9.616332993333334,9.702721723333333,9.572701358333333,9.628077744999999,35309.79107987,3671.00226766
2016-11-21,9.552960451666666,9.586858645,9.639920198333334,9.529409233333334,9.565432171666666,10624.69588195,1111.50545725
2016-11-22,9.889194656666666,9.943174791666667,10.055494131666668,9.739429269999999,9.934926468333334,110138.92063229,11070.8100127
2016-11-23,9.81123168,9.817268465,9.888888614999999,9.715305746666667,9.793321545,39578.32733198,4048.94520106
2016-11-24,9.490427763333335,9.379735759999999,9.601513578333334,9.24195691,9.421921828333334,157594.00394807,17126.40053031
2016-11-25,9.365615566666667,9.35459036,9.481951861666666,9.241858981666667,9.359020741666667,61436.948146409995,6540.81642757
2016-11-26,9.357311018333334,9.305905415,9.403790853333334,9.26598807,9.321063484999998,28894.35519219,3109.58524357
2016-11-27,9.114594695000001,9.044817806666668,9.17685075,8.96563401,9.034334058333334,81176.2551498,9056.3189237
2016-11-28,8.791066285000001,8.753824343333335,8.854948,8.700265196666669,8.755576545,44639.87954777,5120.380451739999
2016-11-29,8.239449896666665,8.135469496666666,8.349266988333335,8.02462881,8.180397228333334,118097.62126055999,14583.74206288
2016-11-30,8.340066223333332,8.413214996666667,8.573211663333334,8.271649768333333,8.42133517,71061.57920487,8425.15455123
2016-12-01,8.427994713333334,8.424259926666666,8.513071568333332,8.366266446666666,8.43686642,30531.547190359997,3617.51700262
2016-12-02,8.01964176,7.884394495,8.112235111666667,7.784700748333333,7.9418330049999994,298584.89602326,38544.843730320004
2016-12-03,7.873807441666667,7.876764043333332,8.014956175,7.751668378333334,7.89272842,82632.33717227,10417.425947549998
2016-12-04,7.729125173333333,7.661955708333333,7.796725236666667,7.5765011033333325,7.658875591666667,62313.931343619995,8250.659430759999
2016-12-05,7.309780083333333,7.1985238,7.366019633333334,7.107332225,7.188845163333333,119568.16670623,16875.3933399
2016-12-06,6.746363476666666,6.936488746666666,7.2011527033333325,6.48148908,6.830018436666667,547558.03294411,79482.32144916999
2016-12-07,7.719640423333334,7.801616336666666,8.035867856666668,7.538217755000001,7.779180435000001,156821.00866279998,20044.65787417
2016-12-08,8.474441321666667,8.465751396666667,8.631204393333334,8.316474676666667,8.482263824999999,127344.3598812,15093.47849194
2016-12-09,8.387611056666666,8.420550018333332,8.534905613333333,8.236386241666668,8.360560946666666,74828.16014607,8957.90113136
2016-12-10,8.327554056666665,8.279835568333334,8.390202381666667,8.209770021666666,8.281596651666666,36018.31166247,4365.644723560001
2016-12-11,8.148778005,8.172034013333333,8.250134773333334,8.090052340000002,8.172960866666667,19310.1348798,2367.5052863899996
2016-12-12,8.258850545,8.318551428333333,8.414530486666665,8.21217749,8.349046936666667,122314.92237535,14555.09385925
2016-12-13,8.398180171666667,8.39266775,8.469826233333334,8.331573104999999,8.389664693333334,23387.541748,2788.5251339799997
2016-12-14,8.365014256666667,8.339399823333332,8.418764473333335,8.31312551,8.358866075,18744.23116538,2245.8909072799997
2016-12-15,8.030321136666666,7.952957535,8.095796983333333,7.8479591483333335,7.953655316666667,73369.46703565,9217.89678681
2016-12-16,7.836145241666667,7.808580723333333,7.904727466666667,7.7708851800000005,7.835734245,11977.21084512,1530.3644996399998
2016-12-17,7.674811174999999,7.690065400000001,7.771004985,7.589164796666666,7.686182368333333,61892.64301079,7994.62077089
2016-12-18,7.843290278333334,7.828002128333334,7.91832534,7.757464153333333,7.844865143333333,48060.523642650005,6107.687083389999
2016-12-19,7.748177476666666,7.710622818333334,7.798954013333333,7.674598945,7.736292173333332,19899.73304791,2570.9238519
2016-12-20,7.653049029999999,7.658145956666666,7.715937623333333,7.586603406666668,7.637492606666666,30266.359300140004,3962.72482854
2016-12-21,7.725018403333333,7.749349823333333,7.836113566666666,7.673061440000001,7.775576275,49641.48762597,6343.297043910001
2016-12-22,7.615924145,7.573607471666667,7.707234673333333,7.504131088333334,7.605161208333333,69908.15554901,9210.286619120001
2016-12-23,7.3445558066666665,7.267104188333332,7.474036543333334,7.191721023333333,7.334866136666666,114795.45251343,15611.24904296
2016-12-24,7.241750026666668,7.260394688333334,7.341184781666667,7.201954916666668,7.280231615000001,36046.26575063,4955.37605019
2016-12-25,7.255863613333333,7.2297037699999995,7.299281761666666,7.157255536666667,7.227497803333333,92777.58549477,12910.82943682
2016-12-26,7.238170143333335,7.260332995,7.319914566666665,7.178628454999999,7.246822243333334,55812.56013481,7720.41499791
2016-12-27,7.219248688333334,7.210385126666666,7.3033143183333324,7.163595396666666,7.239585735000001,105964.58619347,14719.44724786
2016-12-28,7.2208130666666674,7.291727815000001,7.3687511033333335,7.157027461666666,7.251449198333334,196022.67708508,26567.35673078
2016-12-29,8.122965636666667,8.255299704999999,8.355750603333332,7.986076739999999,8.177536078333334,326319.52327445,39828.60428199
2016-12-30,8.255497526666666,8.240503930000001,8.362144043333332,8.137358931666666,8.239477871666667,138239.39475794,16840.58197078
2016-12-31,8.017327536666667,8.004189423333335,8.101140138333333,7.953759578333333,8.012592708333333,49638.22164757,6188.20052233
2017-01-01,8.315442933333333,8.325555403333334,8.461959955,8.161834785000002,8.310765974999999,134228.81405118,16088.380877560001
2017-01-02,8.22712912,8.264543041666666,8.325839321666667,8.164903061666667,8.258898681666667,149938.03479339,18104.30063564
2017-01-03,8.816756176666667,9.020291675,9.122666664999999,8.672502336666666,8.908966876666666,545217.49516669,58502.27566936
2017-01-04,10.392166661666666,10.641666655,10.787951315,10.207773403333332,10.577873021666667,663641.4383352201,62711.06519116
2017-01-05,10.714564966666666,10.580015038333334,10.955455794999999,10.157013223333331,10.513705828333332,1202506.0008586,116714.78331019
2017-01-06,10.119049141666666,10.123527463333334,10.288974205,9.744365526666668,10.019660431666667,434829.1852898801,43530.6328273
2017-01-07,9.834127408333332,9.823649471666668,10.031067601666667,9.650636926666666,9.837467261666667,391643.84952709003,40072.51753130001
2017-01-08,10.012136703333333,10.079929978333334,10.214746546666666,9.96060622,10.107264376666668,342934.82840347,33739.40950374
2017-01-09,10.469247808333332,10.473695676666665,10.638776886666667,10.317115688333333,10.500774573333333,293721.38260644,27905.74678827
2017-01-10,10.473906663333333,10.499948116666667,10.599635798333333,10.395009293333333,10.522739073333334,128522.97081318,12148.311431240001
2017-01-11,10.206473260000001,10.085765743333333,10.311639701666666,9.933407514999999,10.099372568333333,521048.26552413,52517.51337745
2017-01-12,9.543542976666666,9.534875531666666,9.723021073333333,9.397229928333333,9.553840314999999,334385.30590698996,35032.177811760004
2017-01-13,9.565962921666667,9.542549446666667,9.707579643333334,9.444513548333333,9.57436621,100797.61739448001,10540.14156994
2017-01-14,9.617186503333333,9.60695224,9.712449276666666,9.549521796666665,9.64527618,52076.64485853,5384.44209866
2017-01-15,9.71152265,9.733411583333334,9.780607976666667,9.643265518333335,9.728619881666665,42346.90279901,4348.601200110001
2017-01-16,9.631567630000001,9.620329456666667,9.678929096666666,9.572666673333334,9.625525438333334,36451.81305649,3790.40612199
2017-01-17,9.936539135,10.060127353333334,10.13085759,9.858327444999999,10.022642915,540003.5337873499,52928.55735623
2017-01-18,10.21610121,10.200312806666668,10.320353016666667,10.012335823333332,10.181386891666667,316674.58993624,31142.43890968
2017-01-19,10.24283422,10.257430708333333,10.326172683333333,10.206163526666666,10.274790721666667,209691.95752554003,20318.135547880003
2017-01-20,10.539283295,10.57468719,10.648398925,10.456667381666668,10.562196215,252226.74215863002,23791.630764129997
2017-01-21,10.699794373333333,10.754788103333334,10.879425579999998,10.669140866666668,10.791844250000002,146803.99696541,13553.798390499998
2017-01-22,10.853203216666666,10.802080653333332,10.895815293333333,10.720675781666666,10.791898106666666,133475.54147489002,12392.637756110002
2017-01-23,10.699864253333333,10.740389678333335,10.774008064999999,10.649162971666666,10.717571753333331,136458.23470979,12740.042156020001
2017-01-24,10.620120293333333,10.573416961666666,10.678332668333333,10.519999558333334,10.583317553333332,195499.75478915998,18477.01568103
2017-01-25,10.459683131666667,10.435072053333334,10.502691543333333,10.36410522,10.446918278333333,79261.11069608,7589.324035
2017-01-26,10.501327578333333,10.518869068333332,10.585127720000001,10.447488263333334,10.521019621666666,75386.94436713001,7171.82768048
2017-01-27,10.468100193333333,10.448262578333333,10.502922013333334,10.395021518333333,10.432567453333332,42133.56345627001,4037.8282608299996
2017-01-28,10.475145768333332,10.4801931,10.533955118333333,10.415799536666666,10.474079478333334,66176.5355763,6323.29525669
2017-01-29,10.471794655,10.454976761666666,10.499547595000001,10.43169021,10.466827513333333,42278.707230149994,4044.60225978
2017-01-30,10.443529666666667,10.449750253333333,10.510225768333333,10.41436131,10.469948485,50299.69794852,4774.48205276
2017-01-31,10.578022371666668,10.608311406666667,10.647530656666666,10.511863029999999,10.574585093333333,153194.75162566,14465.286884140001
2017-02-01,10.643975178333335,10.643544703333333,10.712935815,10.537090861666666,10.635736458333334,171459.85518877002,16140.2764403
2017-02-02,10.614961995,10.627553595,10.679390141666667,10.55986675,10.628500743333333,216964.74363383,20301.23346859
2017-02-03,10.738154153333333,10.774652713333333,10.828558591666669,10.666273485,10.740917818333331,127939.02283805,11903.501455509999
2017-02-04,11.203333476666666,11.246708061666666,11.324260578333332,11.14503549,11.232407875000002,220557.38490903002,19678.981950240002
2017-02-05,11.215371708333334,11.210955478333332,11.268146848333332,11.126536341666666,11.196021138333336,96677.10673775998,8650.96099155
2017-02-06,11.223422501666667,11.238674023333333,11.293504998333333,11.159511394999997,11.241294976666666,37639.11971609,3344.73672293
2017-02-07,11.368955931666667,11.388821068333334,11.453727535,11.336892783333333,11.401940766666668,99233.88091861,8704.086923249999
2017-02-08,11.345705685,11.309091308333334,11.435832446666666,11.227689861666667,11.324222675000001,157641.95612623,13991.865846019999
2017-02-09,11.12732387,11.065577358333334,11.257068931666666,10.860027408333332,11.075980966666668,415830.25286786,38354.42862574
2017-02-10,11.019419996666668,11.068259386666668,11.120564206666666,10.909996478333335,11.033540833333333,171877.91371740002,15499.088761299998
2017-02-11,11.260394355,11.24644222,11.330873034999998,11.175954871666667,11.26194109,99521.74745592,8828.56751762
2017-02-12,11.277866578333333,11.283407885,11.337282196666669,11.239283126666665,11.286745349999999,71649.40524836001,6368.538531379999
2017-02-13,11.267448969999998,11.249926166666667,11.321236121666667,11.201732891666666,11.262182133333333,53974.935351379994,4786.498173620001
2017-02-14,12.162194739999999,12.468536593333333,12.648310641666667,12.080188204999999,12.380975868333332,776494.69231587,62617.58128856
2017-02-15,12.86418899,12.848561365,12.973269575000002,12.71990151,12.858119816666667,240909.93540719,18739.10667239
2017-02-16,12.797514650000002,12.776034161666665,12.882892231666666,12.680132346666667,12.771685415,178612.04449272002,13996.00791076
2017-02-17,12.81772143,12.794691134999999,12.867319803333332,12.74875259,12.807915676666667,68058.25959131,5318.27953875
2017-02-18,12.804575278333333,12.827138076666666,12.865381388333335,12.747623341666667,12.805570551666667,89493.26374308001,6997.28185393
2017-02-19,12.845814975000001,12.82594650166667,12.885619659999998,12.773956276666667,12.824029506666669,44963.70069938999,3502.09727355
2017-02-20,12.8044439,12.743958353333332,12.866212570000002,12.687481490000001,12.770093805,164260.08727907,12911.5469665
2017-02-21,12.662382918333336,12.715883005,12.79739806,12.576336405000001,12.668533121666668,231116.34864187002,18317.58000026
2017-02-22,12.752655991666666,12.744136013333332,12.807899390000001,12.68483604,12.742401281666666,94115.63577205,7387.85116489
2017-02-23,12.769519456666666,12.85449486,12.929217383333333,12.737226656666666,12.83931374,264152.43699899,20278.602201309997
2017-02-24,13.125503921666668,13.134925096666668,13.268736331666666,12.909362739999999,13.101418471666667,370875.3202917699,28383.28389883
2017-02-25,13.319725971666665,13.405405443333331,13.559896291666668,13.221782261666666,13.398313493333333,324794.50914447,24042.040314259997
2017-02-26,13.684379983333335,13.845101026666667,14.000857316666666,13.640553626666668,13.85725465,404856.14288709,28596.78371895
2017-02-27,14.613175981666666,14.760259436666667,14.886242119999999,14.515050014999998,14.709796056666667,962105.08786183,64458.600719689995
2017-02-28,15.677698871666669,15.713079571666666,15.919209105,15.323552911666667,15.666705388333336,1558985.13285408,99702.36335308998
2017-03-01,15.860684621666666,16.166936726666666,16.253547604999998,15.738338185000002,15.957360266666663,890368.32900733,55027.695613480006
2017-03-02,17.90482194,18.123669403333334,18.43967395833333,17.61665596,18.103007368333333,1947869.8753114499,106091.373035
2017-03-03,19.687089761666666,19.781336666666665,20.309813315000003,19.128500393333333,19.712467441666664,3085166.69408047,158066.44636034998
2017-03-04,19.52406108,19.37217692333333,19.655154230000004,19.12296519,19.356542516666664,864143.19893465,44925.4095669
2017-03-05,18.839320598333334,18.9513319,19.146423621666667,18.58858475166667,18.837685778333334,600698.2682496699,31853.57037128
2017-03-06,19.510596945,19.51711603833333,19.776158626666668,19.321711771666667,19.57626301,631656.8678971799,32181.66568594
2017-03-07,19.146774646666668,19.021079516666664,19.326369426666663,18.661583603333334,19.009493258333336,1286444.8579306698,67856.36940399
2017-03-08,17.968561833333336,17.607126168333334,18.270627223333335,17.303717645000003,17.759819519999997,1694225.00139251,96099.10680239
2017-03-09,17.147618095000002,17.366220761666668,17.687840726666668,16.920000133333335,17.28100942,1466259.38172006,85831.43811109998
2017-03-10,17.998408895,18.298814648333334,18.667945553333332,17.574794996666665,18.193844536666667,3277377.4196928097,177819.71378972998
2017-03-11,19.576663036666666,19.895337081666664,20.290549483333333,19.39130542166667,19.81549807833333,2023037.56580747,101176.48826317
2017-03-12,22.035798776666667,22.328396851666668,22.748249835,21.789324433333334,22.32307372,1774137.87823168,79594.91419326
2017-03-13,26.849556806666666,27.717035081666666,28.717430836666665,25.72713263,27.088036243333335,8185709.95933116,298109.19705618
2017-03-14,28.39058684166667,28.407527685,29.03034105,27.683333344999998,28.338352658333335,2906417.4771924093,102405.31907325999
2017-03-15,29.71604623833333,30.730667120000003,31.319633308333334,29.396247241666668,30.50923220333333,5181831.705305619,164584.05131634
2017-03-16,39.294832033333336,40.87546547,42.23619774833333,37.806256335,39.975149716666664,1.317949632525686E7,326818.02505537996
2017-03-17,45.98081518666667,45.821077563333326,47.84398846833333,41.65510038666667,45.03482194333333,1.51311167164607E7,342852.84794663
2017-03-18,39.781597856666664,38.08116665166666,40.59811404166667,35.87380752,38.187003045000004,1.2738094744788371E7,343236.39713928
2017-03-19,38.458723695,40.06705279166667,41.58999996833334,37.347079576666665,39.59718239666666,1.124231683301176E7,283126.4510791
2017-03-20,43.31748332666666,43.11758751666667,44.21705948166666,41.81928601333333,43.18167987,5450224.90187626,125839.92328899
2017-03-21,42.813882485,42.843022435,43.36348483333334,42.03850535666666,42.69837986833334,2726177.86407753,63915.97803358
2017-03-22,40.95740211333333,40.76795071833333,41.95310862833333,40.048820334999995,40.93336944166666,3703422.34834529,91637.82268573
2017-03-23,41.00986644333333,41.31817625833333,42.17623628166667,40.746717358333335,41.59564508333333,3418592.38308458,80539.48066008001
2017-03-24,45.139912538333334,46.84484503000001,47.96345349166668,44.800017966666665,46.41851097333333,1.088916309641713E7,226777.1030202
2017-03-25,50.71105666166667,50.37205399333333,52.029499748333336,48.68894261333333,50.427359545,8456610.93033569,167203.24727897998
2017-03-26,50.49360796833333,50.32522563333333,51.30812767333333,49.54074619666667,50.40271326333333,3457025.71731652,68874.05946062
2017-03-27,50.393300236666676,50.16160429666667,50.900451368333336,49.42236368166667,50.109467685,3467542.0982066803,69555.46558694
2017-03-28,49.24490661833334,49.46117611666667,50.124598991666666,48.82442008666666,49.52280873166668,2595662.7768012695,52549.50926133001
2017-03-29,52.01284019833333,52.40867273166668,53.29795060666667,51.319887805,52.35558155333333,5164444.07684845,98750.36703072
2017-03-30,52.380444831666665,52.051806668333334,52.77971502333333,51.538937338333334,52.14404263166667,3281443.1321427096,62896.79217231999
2017-03-31,49.620580945,49.38353326166666,50.59091812333333,48.57446142,49.576659165,5061134.0972382305,102455.41006794
2017-04-01,50.0442631,50.224628325000005,50.82389943666667,49.36538252666667,50.182521641666675,2265135.30512649,45024.04779869
2017-04-02,49.887118275,49.523019956666666,50.68166084333334,49.10150316833333,49.787372616666666,4945728.87599325,100291.02672936
2017-04-03,45.865526885,45.28900703833333,47.17205827499999,44.40898202166667,45.61822746833334,6252569.55898634,137386.91294240998
2017-04-04,43.70645174333333,43.73931335166666,44.62955636,42.53685493,43.533961858333335,4565340.07731625,105054.71795002001
2017-04-05,45.867445620000005,45.930257345,46.550650006666665,45.27742858333334,45.89408511333334,3102180.2223238996,67558.81409991
2017-04-06,44.70076300333333,44.408094543333334,45.22510379,43.62999574666667,44.27947477666667,3844409.7462598206,88690.62723739
