address,idx
0xfffbca3a38c3c5fcb3adbb8e63c04c3e629aafce,0
0xff78baa804add29cd783483b6ccd150b0589ddcb,1
0xff5c59f0d02627c57ca5604fcfa76fe9ac3ed80d,2
0xff501b27c581c367b563767b50d32b7ffebdbdda,3
0xff45159c63fb01f45cd86767a020406f06faa852,4
0xff3a70d8d5692dd05d71175fa29e8565f7450f57,5
0xff2223f9da872e3a92d286330e26f16ea371f6bf,6
0xfecab546498f74591d4f6d448a4a63552850f122,7
0xfea6017e9c9ec843869fe32b8d515e9372b9e2d2,8
0xfea266325c4a40c57f2754e7e32f04987d0e7e0d,9
0xfe1695b9f4c3c92c82865a1ce2a3e60d2bf3a7c4,10
0xfe0822a370298aac9e3277cf120f201bd2a01462,11
0xfdc46f32a632b2b3d5d18776b2fd8cce5e6c37dd,12
0xfd7c9117bbeb649d9b37b3d3c9917f7c12f526b3,13
0xfd6b6e67d15931706d607e2358a1b0aa05f8e256,14
0xfd69b0b5a596b9fd2bcd72ca5c35442355012ab2,15
0xfd3a935174aeb79b8d5d3935de1188e37427561f,16
0xfccd1ab7e0922f08995104b3019e6b7bfce006f8,17
0xfc8bc4ed86df73001ce6082f3db914d7c7a9a6cc,18
0xfc8b1b712e10a89e87176215aed8352b323b7265,19
0xfc3f5adc4540b6baeb74892c2eb0ae794c792df3,20
0xfbe26da0e985087d28228defbdaa394713b0865f,21
0xfbcecb7dcaf39c323320f47697f3eed9da4fe6d3,22
0xfbb1b73c4f0bda4f67dca266ce6ef42f520fbb98,23
0xfbae2c03007cc06cc68726d084f71b9144d2086e,24
0xfb94e10a96e06412026f6b87ca475fd5b5c03839,25
0xfb6e59562caae7157c951106ec43655a7b6a3e79,26
0xfaf4d1326d886d8dfe403b3f8a00dc7a7ea05629,27
0xfac1b5968b6cc27786d1a28c3e360b8c421569b9,28
0xfabfcdb9ad54126a8829d5ab6357f608c6b005d0,29
0xfab8a8ee36f0128218c81aec0215e2a90ce8a088,30
0xfa9f15f96e3244897308a95163a62861685e8917,31
0xfa8819a64fd3c0faf771acc39b8730ec5f9dff69,32
0xfa64c3746e45a916758bf5dda645afb0792d732b,33
0xfa1fa33bc9cbd7b8217c58173411fec56195901d,34
0xfa108404e32275b91108b6f864e138aeebb7bbb9,35
0xfa0933732a81b8c6fcc6a8a8de8d803aadc6801c,36
0xf9f430c4448d7b929a4b1c9ad9ab985274610d81,37
0xf9cdc37400e603072a8af3994d9ba913df723c56,38
0xf97f26e9be105aab63d72cbae4b4875cb43d2d5d,39
0xf94de92d8afbbd07c3c378cd86f9df1b41449a95,40
0xf93eb57661d8c6f2aaf28fd8d03004b65b8d1321,41
0xf928b4834e4e886e04630af5b4ea8ebf46fb205b,42
0xf8ea55fdd903675e71f198004af80a2e432e92ee,43
0xf8be2cd9f4aeff2a3b1ca32fbb31ff7dbbc6ef45,44
0xf8b483dba2c3b7176a3da549ad41a48bb3121069,45
0xf87481a262e993a75f791e7859e71bac36a606eb,46
0xf861626acccd1f8a4def7d8dd761ba86e86fcc2f,47
0xf7e66d2622220807d8696064e94ca24b1dc6e7da,48
0xf79fe33799adaba01925df90bec10b791d951e79,49
0xf79785e5a846acea08f94379fcce79b1054bdb99,50
0xf76ce50891a44930ef6d33cfd815db4bf1382dc4,51
0xf6fd9292119c024a63ad4c433a3cfa2119d64de5,52
0xf5e32cd18e3ef2c68a1e4d642854ac35ff0a803d,53
0xf5d68c5de62c9d1e644285c07a5fc15631b16350,54
0xf5d0a83dc40f4f00540d240242c6252c699eae3d,55
0xf5aee728e007c16cb640e38e0161cfeaf783f0c4,56
0xf57771f0e316c43a921094a1b49fcdb86cbbd25e,57
0xf5695ae85ab4f83a5f859c4c691ce7cef32b708b,58
0xf53728802f3d190ed5a0b77cf8856cc09399039e,59
0xf4fe90e63f2a90710bcc0c00f38812c4a882f2ff,60
0xf4f2c15602b084cae84ea603f75527de19705aa1,61
0xf4d0fa8c0084c734b1cef02c04f64a90650e57b5,62
0xf4c9fce070c76c2b3d3d0a7408632e6e30c76ed6,63
0xf4b8d09d8fdb9440cdd1bae6731cbf1dde36fb05,64
0xf4ad67c26ffc8e7e10994b3fbbeb1db3189c66f3,65
0xf3bb3a71ba12a87de8523e92779a1dd882460c20,66
0xf3720c786b1e837a53f24eb81d655b3aa512c162,67
0xf36c3f6c4a2ce8d353fb92d5cd10d19ce69ae689,68
0xf34a762291e2578b79646cbf296abf4f5a242b3d,69
0xf335a145cd2e5cf218eb701a271b4d345cced73f,70
0xf33530dd70b283a998ef8cd2712b4050df320a6c,71
0xf32602250a5cbca0a0fe0824b5135a6632b4a7c6,72
0xf2f9718c6b2b05ac56f23e6d01843b275efdb667,73
0xf2d2aff1320476cb8c6b607199d23175cc595693,74
0xf2cc0eeaaaed313542cb262b0b8c3972425143f0,75
0xf2c14add753869d4eedfefdcdfba341abfa1d702,76
0xf2b3f8eb4e663da275b8c57fe45a0e8d489eac2e,77
0xf2a070202160b51a452b5010e6a9d318dff7c2eb,78
0xf1bde50c04673e6a3df190d282eb9070ed6026ba,79
0xf1a90fd4c600f166cbcf0279733e4290f6f1bd41,80
0xf18446bcc37b179f7ccc3de19387269ce04023f1,81
0xf1678e24f05ed7a2a7aded8dc66ee1a661325a10,82
0xf15c26d99424544649e50ae87c589cf897122740,83
0xf109ca710c0df51c1a86dba1b0ba0ed038114463,84
0xf0f7e8b1c9f5a5deae033e33b6ba22bdab3f61c3,85
0xf0cb384bb33f21a3fd1c89e8149d03e1517d50a5,86
0xf0c896db24137eda6ec88cf1a95217f8604ae55e,87
0xf000d531b485d3fc32ed670b26509813d8f47008,88
0xefe17ff8adef2bda8a2a4e704fb878cbe3cc6d77,89
0xefaa23397c85df68ff1708b489856b006b30eed2,90
0xefa8becf5a1f7817a01556559bd3fb2e1f6eadee,91
0xef9d96baa9486271fcf714987d531b863009c725,92
0xef846f473ef73c34d75712babd7d04bfabd7b56c,93
0xef76c144553e10420aa7fa2c205db698af95bed3,94
0xef4721e2fa6b90f843b27d9de9b67fce33465883,95
0xef1b8490ee623880af1132399be687862468a0eb,96
0xef123c59c377cbaba0a2944d6f3251c9cd47cc3e,97
0xeec1c60d60b98601e8187119dc6e019d091b0284,98
0xeeb842b978a52b4d78c85bd019f2484775cb6735,99
0xee5a8e2c642384f0d97ed776e9f19a59b4c34015,100
0xee348bc15fcd3e5bfbef68fb5a4d06a9e5ea2264,101
0xedfe080fef38f38a36aec95d7aa3fbacfc3d12c7,102
0xedf4021eac73fc5a7062dfb258d5f48595329f51,103
0xed6b25b3b2dab2d5d96ac659aabbf812f069351b,104
0xed59d3a4e1db065623b9b699efebca148002507a,105
0xed3fe86896534c24d9f91232fae34b78dff3c1f4,106
0xece7c7c282cc02cb218b8d78a6e062d55fc83bb4,107
0xecdf9d571849de520c84ebed7ac4551e483ea5b3,108
0xec4b2ccfc84a4c62d73d56c44917986aaaaee10f,109
0xec33ded594da498583abeda4f46e603f296e2ef9,110
0xec210ec3715d5918b37cfa4d344a45d177ed849f,111
0xec1ebac9da3430213281c80fa6d46378341a96ae,112
0xeb3bbb8ff3d94eb5150c75d2e15e50378b56fcdf,113
0xeb2447f45f8976208f846ee28b38bfbf4a502762,114
0xea674fdde714fd979de3edf0f56aa9716b898ec8,115
0xea4933866ad977ce24bbb244ecc2c79463454fe4,116
0xe92c930f1cdcc2b5cff96f617e7b4f4fe3ee8ed2,117
0xe8979ed3e00d68d395fa3e3cfe40ff67402c402a,118
0xe84cb28ace3ceb9bd20690967c67eed15eacb502,119
0xe82363423b50711fbadf69c97d1380ffe17c35ec,120
0xe7523f78ae9edb81dc7b2a9ca718ba3776c14f2e,121
0xe72717ae0d6792286968449aba7d469bcae1d957,122
0xe70361d11b44b2fba997417d7aaa26eb69ebfef0,123
0xe6ea7febb65f6fb46dc42dea2f873c67aadb1f72,124
0xe6cadcf7e03c7aa29b2adc051f2c70e0e05fa8f4,125
0xe6bddb8efeee72b09dc5585acd0490ee8d0b8a67,126
0xe6a7a1d47ff21b6321162aea7c6cb457d5476bca,127
0xe66dc09613d0f2c30d5dab521da2286e5fc75024,128
0xe64cea0017cb785b03681f065cca60d2b17a2768,129
0xe60e8a5d8e92fe98313ac371bd8dcfb329b1cd45,130
0xe60bc1168f5333717e80fa625b6e4e57fff8ff84,131
0xe5a44eaf22db2affee52e4185d00a85f60efd11a,132
0xe58622bc31aaad2b71a42a54dba85d6fa44e0e56,133
0xe53bc9d8c6982e1c7f1152d561f0c52c22b29369,134
0xe535c1c29f0091324f184de7a5be5520d1b0b008,135
0xe531b4ef33e49437d3a1cd0734cb435d2ae3241c,136
0xe512429ab3036301dc4c56f9a4c9991dcbb6b496,137
0xe50378b2e41944696ab0c2ffe93e98f2c42b3de8,138
0xe4cc8bdc67dd24b1f52b912cfb1685a07b23084f,139
0xe44e37dbbf001f3547d6a3c645f3fba0274d51f7,140
0xe3ee3f1a8f52e9889e6fbf14d5d54acaba184e3b,141
0xe3d83b599680d20232c0491afe8b126876ee9d99,142
0xe3a4cd0e7193d90a4e94eab73d2a546a34130170,143
0xe39234e9664540059460b57222cdbe3cd6da2690,144
0xe36ff98071cfb636d5c09a15fca5121f855e5458,145
0xe3535c3a7f74fdd1447140e98fa5fe310028f40f,146
0xe34490fc3a3a1939465ae913d44bfcaf74b59b5d,147
0xe33977e292ccef99ea8828733e97562f3690a8ad,148
0xe3248d542eb9de9e375efbc8fce1ae89411c2654,149
0xe31d36dc1c697fa228a58ce7b906e1ad940d454d,150
0xe316a1c3d466036069e09cab014e59a63587feab,151
0xe3113c687fa0fff265229dad0e23c663e8caa3da,152
0xe2b5e7b179153b82e14dae644a43aae0db61099d,153
0xe2a35119538153f53a114d255c73ff4f17e39c4e,154
0xe29afa2051650d8c9549df817e80ad5c7c398124,155
0xe2832623b364fc2ba1d1a6437782f90f6d58c015,156
0xe21812b7c0bd57f6922b6a5670bdaec864beef6b,157
0xe209bd4c03d4d5785e88fcec5847da25a9d18c91,158
0xe1f0ab4224d492646f56af57ae7f6d486f0601fb,159
0xe14584cfbf45aa3dcc1fdf5b2124ed05639e2eae,160
0xe12a32baa769488eb8c73fa5e5270a75ced0916c,161
0xe12517204a15e890f12755207271102f4800a0c4,162
0xe05ff93a9978bbb48356accc74088f3841fc5d72,163
0xdf88d2cf450e1134e0cd794c3b89d648c3269ffc,164
0xdf4e170cfca33deb5b5845de143fd95cd0d7f1c8,165
0xdf257408c85c0e02af46433ff76081917d8e032d,166
0xdf21fa922215b1a56f5a6d6294e6e36c85a0acfb,167
0xdee4977f74e6aef6d627191c9a45d2627e331150,168
0xdedf0d64ada4444f126c8771fe7a50bc9f0b1b4e,169
0xded31f29c4e102d4d6fa4bc753647c3342951f17,170
0xddd73830efdb154c59c5f825371a2ccb2bb0f7b5,171
0xdd46b0a0b49e40f3c10960faf32e55d31af3e0ab,172
0xdcb14605b0ee4f372d223e5df87aa9e760886d01,173
0xdca73e49c84ea80a22eae8925d4590bfadd1fc50,174
0xdc920c9c8b2463e4760c8d219f3a521015bab266,175
0xdc6a542f97876923583019b526335fd1fb0dfc6a,176
0xdc41bfacfaaf8b0f0949ab5a3f18f47063ae62fb,177
0xdc3c8ea3f2ff4e43216b7163837dc5b6979368d2,178
0xdc36aa8a5605731835db9f4f544d525f1c6dd731,179
0xdc2d5af138868a1c35b1fdaf8be9844d25bab533,180
0xdb8207d158c5396e26545a979c7a788852f81eb6,181
0xdb1b0bd2407a0222ed68892feee41bd9daf0842a,182
0xdaf0cf6232e422d563e627dd51debc69e5a10a80,183
0xda5aa6e0ec764c47bbaee67d2e7ba8d1151ad6bb,184
0xd9cd85d0c7ab37407ad0b7ca3e03269108d0caa3,185
0xd9c4a7022acb3543826b6c1667fad470f65f262e,186
0xd9b8e8ad1083a6f83438039bff0d74dc06006722,187
0xd9a9a8ec148d2b0f7cd8b2700013a9aa5cf89910,188
0xd9a4752442200135cd7aee01d36f3704e200c065,189
0xd99b25c518320820d3c5ae9f47378da32ded5f00,190
0xd94c9ff168dc6aebf9b6cc86deff54f3fb0afc33,191
0xd924aac0bcb65c13be4044f6bea8aae34d7a7126,192
0xd9176cf582b2f51fad57941e0a84dfba0ed3620d,193
0xd8ab6ddba19f3f598d7cb41b1ab7cead5629c357,194
0xd88608ee9832ced3865f222acb9e4f9d6a78f4d0,195
0xd873fd65a0726fcece2155b5cf70d5efff8726dd,196
0xd83cc213eb73b251733dc9a5f0dac469ee629b36,197
0xd77ba7ef37f87d5246f35de898133e09c92ecaca,198
0xd777f7fef2f2e04119338db16f2157e878d253ba,199
0xd72ab61a64feaee7b5eb3d42b5445858b95d38fd,200
0xd71ee7c2bcc2aaf35e7e138129c41aa4fe1ed6b3,201
0xd68562c800b8897204db387cde895b99d3c7a8cd,202
0xd6748c2482d72088bd0f3ad86ee0f5a73916a8eb,203
0xd671e71108bd20f1a8e2a4f73a7449bf8daa840f,204
0xd6463b514443dc308ca70d69dda2b13f494ef882,205
0xd614cc8e7d44e6e5d48b9b3efd5ffec36098f403,206
0xd5d9a0033e6b0a3ba7634d0e1a9055ad5f452c3d,207
0xd5bf64b3b17fb895536953efe17578a8b7b16880,208
0xd55a70c6d57d6125cb9f6588120d6a33a9dd2850,209
0xd52dc10f0325b37dba73d7b02c255ff3f5faec7b,210
0xd4e841c2da2e205eef7455015f57444114495285,211
0xd4cde7bf0d02a1e54c76bec725f51509c52ee5c0,212
0xd48493f7244357ea2cc5c92f117c0c7a4103e39a,213
0xd414a87ee9f1da6020579ca9887da323463d6a57,214
0xd3d0dc7c009a66ee7569bd914ec999a853dd8761,215
0xd3a57c79fde37ed4ed9991638f3c0a59413a3c0f,216
0xd34da389374caad1a048fbdc4569aae33fd5a375,217
0xd2e9373f7f957004895216add0cff9ed48c55610,218
0xd29bdfb00b2f6cc771091d286f52f5cafaba5587,219
0xd28e910cb576184beed476344c098eade1849def,220
0xd24400ae8bfebb18ca49be86258a3c749cf46853,221
0xd1e56c2e765180aa0371928fd4d1e41fbcda34d4,222
0xd1dbf6ae8f14259adb50f4425dd056204391a578,223
0xd1c2e5d12b88ac44b33bb02a2b415e00c5abc517,224
0xd130b1621c10f334faba7301be382e6f323d6211,225
0xd0df24fd0dfcdc3850d1590daa1d03ca7706b11b,226
0xd0aedab61b09d85fbbfaa0d3bd9797c1c13dd5af,227
0xd0317e8d007a61b8d740516e8a268d4fadadccbf,228
0xd01939d288c710bef5d0328ab315a7124c8069e0,229
0xcf88a0055465ce81419a7d1f50e02199d9594b03,230
0xcf79bbbeaaf07be38bd26581b84becec10aea56d,231
0xcf49335301e38c1ede4a641b69719083966d7374,232
0xcf4232c3bb7193f1850f9c6b021c69eeff25611b,233
0xcdf356243ab53d46cc5e9d94868b933cd4a9444b,234
0xcdead9d484c9f98b0a6a8ec3d38ae90dde3e2734,235
0xcda330c8160f0c90b8b528c6db267acc17381818,236
0xcd424c53f5dc7d22cdff536309c24ad87a97e6af,237
0xcd40304f8b4288e746e8ed2df341fcf9780f629a,238
0xcd20fac6472f9cb1ed3b7fcb5823d2e3f8c08fdc,239
0xccc71f867bea3f961abfd4efd98a77fabd50cc20,240
0xcca04dde313a912347dbe3b8f78e73ab14b51cbe,241
0xcbf33ac40a47c7b0044c136830d99e0cf0e32f07,242
0xcbe37681ade5d0580aefb3f60845f7be5eecf4b0,243
0xcb8a03674aa31c84ac3cb372cd960e79d61b1725,244
0xcb68e9ac287021e6e0110d1afb41dd9c2985b941,245
0xcaebb08fe829ed1af204ade8bb4428525751fccf,246
0xcacdd83fa05bb73c4d4222413e73a682936c19aa,247
0xca422f88253d0492f13f304ebcf34892b3c07aec,248
0xca216f1f11483b09a06d28d900e38c25a76d84b3,249
0xca1dceb39ffb55d19b47577b024391e62d781341,250
0xc982a9576cb6f9d10296f99ad0455c9a85e9618d,251
0xc97b6e47df229442524f8f210926557900f81574,252
0xc96d5d4d54bd18ea9efcc586c4ec82b7c46c6f6b,253
0xc8e18619e6f0976fc389a37cba21bc6d080284ee,254
0xc87c43ad9b746da47146a721fd0a94b3011f407e,255
0xc87b2895ad1086df3c7f96b565ece1003c520976,256
0xc839ee5542b4e8413246b3634c5c739fea949562,257
0xc7dda420b6e858441b9ea42b762df14c59552fbb,258
0xc7bb8220350a12bc59454497a9a55b37cb522c71,259
0xc756fdfa89ad940c7690d7bf1720e5591327add4,260
0xc739f63768830650bec479d1e11c563ae29b16df,261
0xc711d87af18db9a7ebe2cfb279b73c8785e55d41,262
0xc7059c1758810146a584cbf763225046dbb9ec80,263
0xc6c826315af10aa0c872df7665ef0665c099d396,264
0xc6c764fc6c1e1211d2b4a06ef2170f660a4512fa,265
0xc6c177291d47ae2ba360dfaa2cee9fb8d5081a43,266
0xc6b4ad7de59c14ef0d2d10f73dbb80cd6d5ca604,267
0xc65e24227e40a6a0be5c5cf1f0f120c2310e9f7a,268
0xc5f179c437ad1e25454b546c918785da9e8f2e12,269
0xc5bb4ff7f469872309f35e1eec3892fe6191cce2,270
0xc5b6c631013bb9158e7e5d4fac7c6e19d07e37e9,271
0xc59c2a781c61a3a72383ea333e8539753a47bd9d,272
0xc597a5d92f5dc1137d847db733cfe02c6d209f13,273
0xc5421ff9a6c1dfe6fe5be19fa1322e70b77c8cb1,274
0xc517a1cef7630dc7febd59e9f7fb80f56eacb21e,275
0xc4ecca22c8cde162fc24083e0037c78f2885516b,276
0xc4a673993220f6aca6a2190989b7969c94f18074,277
0xc4a60b9cc79894ceefa876b6fe119dc027d7a832,278
0xc47aaa860008be6f65b58c6c6e02a84e666efe31,279
0xc45993f4775025b7cfe210b4ba2fee15a7debd4c,280
0xc3fe64d1af00f0d9c324e4387ef7533f7d788e95,281
0xc36dd31f3db9b2329be2d61d7e015ecaf7e133ad,282
0xc3665b8a9224ba8da9a20322f31d599cafa52c5c,283
0xc35317308210cede9af6388c652754952a6c4322,284
0xc296634198cce6789eeff749f4d99d4e7af592b0,285
0xc26f8792912c80ef8606f9d96a40c9bfaa032ddc,286
0xc266935e488cf58522fd60065205a9199e4e2ced,287
0xc25b4bb02b78d0348ad3d7a0f998ca5d988b3e7d,288
0xc228fe6037d08c3a125e6fdbcceac7dff658b3ed,289
0xc186bd5dbafd8d6d8dd3cc5cbb6dc27f912832a3,290
0xc15fa6d616245a5c7b7d75a6dfdca10c0250bd2b,291
0xc15cd032048421b67edc591ccdb1f2a6d4a31150,292
0xc15233674f0cb7729e4ab8ab733430c40580914d,293
0xc10290ed4b1cc63b9c5973aba41cf96562746490,294
0xc0d332838f14ef42fcde1cf2518c427ddb676729,295
0xc0cda5ae3b6519995eb7b2c6741a33b88d0bc39a,296
0xc0b4189e4707da39e5e3ee2f388528623522e36f,297
0xc0920452d99591a4e8b190632c52754c72f73328,298
0xc08e05f51581ada37f9dd2edbf7a68fe7e199d55,299
0xc021d60a7a994214df0de89334eefc99804af9db,300
0xbfdd9820a04283b289957956353b5f3c1f665ecf,301
0xbf816462aac1d651abb61d12dbe60a49a9bd96cc,302
0xbf02f4242bd672b0bb06a17200a30f25f545027c,303
0xbe37a4c93af14a8d2815abe23d6f6fd54edc6453,304
0xbe268b8fe018a6a17d2e534a5010f6a74edc836a,305
0xbe12b6523fbd19d7abfde7cba28659b3e266a1db,306
0xbdf2dd433ed03e0ff7c0e238c6126b7bc74304de,307
0xbdda295a4aa9e3a60063548157510b47c6be932f,308
0xbdd20851c338997747d84d51cf296871abb1e41c,309
0xbd89847f2bd04f8fb3f36acf9268d5f74a5366ac,310
0xbd2cd2651acf69fdc53bdbc8da41acbef659d7aa,311
0xbc8405a1c3b4f67a4ba6c70c91ef1f0152b6d3ab,312
0xbc72f4cecec513780d3d3921332af2d741f79adc,313
0xbc681e36e2bc0d9cb397811ce7a5821da2d66059,314
0xbc51138957418541d28de6b22ec0d6fd5c5fee0b,315
0xbbda93a81b882774e1c9b5e3f933fa35dac8bc88,316
0xbbc65b3dadee26cc1019da2c1d745eaf758fbdad,317
0xbb97dc9271b097e1568bb4d24bea7c3a28b76d44,318
0xbb7f43edfd8bf08b022fed5bd91e3f9de7e74d09,319
0xbb7a36251f31df2b2189f542cf6e5488090bc0fb,320
0xbb701b920aa9244505a7a7922186441f5e7c623a,321
0xbb6315ac5671a41b39d90a7194971b1b328feb62,322
0xbb30e448b72d6fdd44973a4c7a312f92f22c8f07,323
0xbaef66124e137eb5ee0de1bbab5a30002508a1bf,324
0xba7933704d52a3e7fdbb5b5ded29e45213ea1111,325
0xba6c5e6f3b11581c1581c1f58f3adcbe5c3e4473,326
0xba613913f9a9af1dbc96b88121b9f5e374d76f61,327
0xb9ee81c1a5cde84454dc603a8000836118627cfd,328
0xb9df886322855e4740bf8dbb9a825a112bb5e382,329
0xb9a8251c09a914fb01b10d11731d10a76ce6ecbb,330
0xb9a0a0410aa5e26bfa66cc3acaf0a6fc61df5588,331
0xb9836ec1f42bd48331bceaedb74a6bcdc22832bd,332
0xb90a82ec61627885eab72f4253939285ba40c91d,333
0xb8f99466ff9557bc3b6e8c516df68d3ac11909e0,334
0xb8efe2a77690741b873de7aaa0cbbf0e65938645,335
0xb8dcfc1090ef0876e860a435848426a7f1a09117,336
0xb89c0f465b0472fa5a58ecdd01ed937205ae4d06,337
0xb807cfbe0a81cc4f3ceeb084f5a2e6b348ca0ab7,338
0xb7b3690efa6b3f08d4ec289ff655c4b7bb15ee39,339
0xb79fc5a6786eed83b927dcc455d9f8f8b81a293a,340
0xb6552722d12b9d3804b8737fef4b2b4f153166c9,341
0xb644942ad692e5a9e702da65b4d947eaeffbc84b,342
0xb637d3c6235140519a951b7fb2ae1181263e126f,343
0xb636b1e0c6a37bfa7a9d9e4b8a1e07535b8d382e,344
0xb6046a76bd03474b16ad52b1fc581cd5a2465bd3,345
0xb59f13d0faa960c50d21cd793b151176977941d3,346
0xb4eb03c9bdd4944de22085e8e1db5ebd36889bd8,347
0xb4c993d0d65986753be8b8f284f62cdd3c670532,348
0xb4c8a15086d7c2e2aa5506ff51e34e3e23d053a7,349
0xb48dbbdc7118253be140f43098e2a0bec43fcbf9,350
0xb47e26c24373cb7954eb69b749fb9682d540ac22,351
0xb44493e91caf2a613ff6a30b33e04a6c7b8abfd9,352
0xb4429d1f0cd14c59a3bd5fccab765fa26f940f0f,353
0xb415e74b9b5b2058ef3541265aaf7ce09c4953bc,354
0xb3dffdbdd81a1826d9478df240a163a66cb3ff67,355
0xb3df45be9124819a6483cec14130a1f42dcafe79,356
0xb3d5ac7c1dfc48f6389fa3c8ae08d5384d41cc0d,357
0xb3b47394d7587701d329381b9a53d9cbad4ba750,358
0xb3a0f076c5c07f41dcb2025b92c34f68165fa57d,359
0xb37c0cc194849df5b4621579b93093c7503161cb,360
0xb36419928d22ee837a413e7da0fd6e86dc6fe23e,361
0xb35848338704f8f921bec8c747a8e15f4d343860,362
0xb35271fc171bc75696af4b55ebe837d6b621c346,363
0xb337d2ae9219aa0709b3e343df5714db9bfa26f3,364
0xb31cbda079bb74d3f45b9a6b119b73460ef42d35,365
0xb2d74e80e5430e64029f154e27e69cd7a1a8170c,366
0xb2b4188b76453042a4d799751c095229e50d40c2,367
0xb2930b35844a230f00e51431acae96fe543a0347,368
0xb28fe7b9815982ff203f751ce550111d752d8795,369
0xb1abce2918e21ddb93aa452731a12672a3d9f75a,370
0xb197aa5a56c22724a62ff2100f961c2a3a30aaab,371
0xb16fc641588ccef681a52812751ec1d9c88fc348,372
0xb12d3c37869c203ad576b253c891975d278c7e5b,373
0xb0bf4a71f730782368ef660fe6d298f432f95450,374
0xb0088fa27d18ba86dba87f852eabf3be527ddb10,375
0xafd680314128bc2e14637f45106a49a348e4750e,376
0xaf5e854191f9af289e0505e6f44d57871cdc1e9f,377
0xaf3a6a5088bfbfc43bff4efc46e3142092b49258,378
0xaf17a4ab5d6b10055fc1eb1bfaccbde69b83af76,379
0xaeb5241b6dbf14492fa155c87dc5c42238ec1e26,380
0xae2c0994a5863ddd5854254752bf2fa9ace23326,381
0xae16540a2db328b03c17c8c63db269d16cfe0099,382
0xadca16b4654a92cb67666c0cf61976ceee81ceeb,383
0xad941b747c499e3ad5728c285446813783a33564,384
0xad8c7fbfabc46c35adb03f7b3a67e731e5793899,385
0xace696b42b72355d24c7b97799ffe46b58a05391,386
0xacaf3b98618fc7689db5ed79c0b1d78f671648e4,387
0xac52b77e15664814f39e4f271be641308d91d6cc,388
0xabcea603089850f8f6bb612a9031554d90a247cf,389
0xaaeccc55c5d4a6bc8929483d40083ebc4430fb89,390
0xaacc8e699251cd3d35d8dc463e1b36a248c4b1e6,391
0xaab56a7c31c058c4b8c41ac413541f0ac7def115,392
0xaa9c2a5e5ec21469fb4a3fe2698cf2b775ea0d9d,393
0xaa9485eba854aba86bfdd64c8f4f08badd0f31c3,394
0xaa656e51565979f6893797a72fcd06716a15eab8,395
0xaa37b1200b856ce897a85b9c2b11a8213095bf2a,396
0xaa052bcdeb7172523ff44efc493ca8bdbf703796,397
0xa9db39bb644396200c1e9250af8daed79dc87d8a,398
0xa99fae64fe82d5eba039db9570872a7226870be3,399
0xa98cfff803e72b3ba0664ff53b1bc8b00f2e0a06,400
0xa8f769b88d6d74fb2bd3912f6793f75625228baf,401
0xa8e47931fb32838525ba4637253f8ecd9525f842,402
0xa897bdb054fa318d03f14b27f8f54b513a0f27a9,403
0xa83dfbe4eb8ddec112360483a8dab6d1eafb1d29,404
0xa80f14a57516471ea58e1ab359e94cfbb94ae076,405
0xa740f7c6fb74c307df3a26d88dfb4b9db6e414ac,406
0xa73844bc8f37dd9c2db267345d351464ec4e2692,407
0xa70a9a7040d542c632d8e0be7c5513a8a5bbc752,408
0xa6f0c214afc1b7495a26b377c4b8f2b4d7e55b23,409
0xa6d29170b23dafb1d4929339b262abcad9519ef8,410
0xa6bdc31c431b8f97848c9d60cbbe9660dc450eb7,411
0xa69dd2f55e5a3d4cb2b4b3ee2f613562b57a1d2f,412
0xa67cd289ba2cef15dd962f30ff8035a6946c0970,413
0xa65d984ccf1e949e15aff53a628b61ff4d0a00e4,414
0xa61ff394e3846f8bfbbf8801afb051730b04ee75,415
0xa61a4a69dcb2d8c74bdecd17ad5821adc21e95ec,416
0xa6191639b137cd47600a5242391a592f28a2c5a6,417
0xa5fb3e4399e8f18643f969d0ce65cc352fc252c6,418
0xa5dd34ed7f2cfc7ffe12018b6f64da0737cd8043,419
0xa5b56b38c8d7f7c8883ccb68aec80413eccf72e4,420
0xa5a5d0bcf280c83eae64e846033fc835afc8961e,421
0xa5870395024c26aa93e5437f05b1edd94641f323,422
0xa4eff145548715579698282a3bcd0ec3cf3a1178,423
0xa4dc1e0e54a9310b5a80bd9b5e297b0bd369b925,424
0xa4d611395f4ddc3c36cd1cea1ec5f5f7642955dc,425
0xa4bbf5aa900341a31b893adc7894a92db8c78a45,426
0xa49a71e27984b77458c6e2d480569f655ed2484e,427
0xa414740bc866ae0eacd868c9fbb68bf977b273e1,428
0xa391109aa419a9241c6d91d824581d672e96e93b,429
0xa38b677302b088532c33d7ab6f9115b419753d02,430
0xa338ba84d5d4734988a5ed5cabc55ed61371e198,431
0xa29862fb7f9b37374d0c9062ab52bdd74d1af867,432
0xa270859a7dd7bef18258bde4b85dd3691fde277d,433
0xa216f511b618d0ab6ad6dbaa32eb607e81d0c874,434
0xa1ff0063f9d8ca0ea966c674ce04c7cc68b1eff4,435
0xa1c2126016ec44266679d716fb6de01076e11231,436
0xa1c1a16bf09b4619aa880da92b6f08084c8f42cf,437
0xa1ad5fd2561848a2ebb6d8ebc9ac91efd37f52d6,438
0xa14e99bbd290bf96a80934840865097697c06ed2,439
0xa11c50d706d6a6161e83cf499b5083626b66003e,440
0xa1189c53feda6bf3850d28595375b24b7a4e92f4,441
0xa114c802ef29776f05f9c6925ce915232e8ae102,442
0xa10dcdc99cf571e66c6af1f1175a15686c4c6800,443
0xa0e9d5bea6464a16afc0f26a5fd706d37d5917d1,444
0xa0e4aa34ec7b705e2f931024a53b476abfefb5ee,445
0xa0d1acd66ff3eb1d13b02a4c4cf66eb4aaf7b8e2,446
0xa09bacc79ce30d9d4380719034545b08e0d656df,447
0xa0644d1034015e52057647a2b4a3843c124be030,448
0xa06149d0cf5c756181849795ef004de384b75506,449
0xa02b38a642f250dedf523442104feef59a36d987,450
0xa027231f42c80ca4125b5cb962a21cd4f812e88f,451
0x9ff58ef471920c42281ebfd9c73ef2c04a55aeb0,452
0x9fd4e00d462676ba2a9734d09c8f46be262c5363,453
0x9fc0408261575251a4aaf54103bd4ba31e62bc73,454
0x9fa88512e871481291d0416ceff5b3764f840aed,455
0x9f80b3b4d9ad6c33a1322343d1bb53ebe01befaf,456
0x9f4b955d4abe3ca1ebe88d4728c0b4666ee3b03c,457
0x9f308b07bf9ce35d25bac2410ad086c4a6776bfd,458
0x9ef72672698e62b8df02fbf741d585468e52d91e,459
0x9eb6883e159afdb24136f63e799e15da8cd92adf,460
0x9eab4b0fc468a7f5d46228bf5a76cb52370d068d,461
0x9e89b5970958cc20c9d9a3f750c4f0a2c29dc2c3,462
0x9e6316f44baeeee5d41a1070516cc5fa47baf227,463
0x9e3bdfdf5b93832639ddfcb6f78b9fdc22788f5a,464
0x9e090df920f235436a401ccbefc4da77ca7eabf1,465
0x9dcb7a050d5be546c17d03dd1cc0aea88c858fcd,466
0x9d83b70c11c01be9f32d866b2683a79bbb807479,467
0x9d551f41fed6fc27b719777c224dfecce170004d,468
0x9d4ef7238d6d854bab7503470c935c5ba1174341,469
0x9cfa846e051b724cf6765e5456f40ea78d0402f7,470
0x9cf18b3eb373c383a42d06136ba331d766ed9fbb,471
0x9cc72ebf3daaf12c72e48605e1e67b47c95a1911,472
0x9c4545befe9bfec17ffcdfbebe34a7ecc80e9165,473
0x9bdfd1dbba369663f43d59bbf3a8de0bc3f9f269,474
0x9b8ae387180f53e02a4d45596e4d108455d7f87c,475
0x9b7280891dc19fd3a2e754cb9007203820650403,476
0x9b10042b9eb560b679f0230e70943bbf3cb6c58a,477
0x9b0a028eafdecde3afc0fd00b7937098388b7c8a,478
0x9af9d7882b168ec626d865efcd6ace678549d67e,479
0x9adc56eb1cd505ced003b040b357a5fea2b542de,480
0x9ac4e9d48c027208905cf2a81f304664a5daef87,481
0x9a82d71e477a38f499677f460ba355a86e14058f,482
0x9a766ac81beef029f91b60f67caa2b32995886a0,483
0x9a6eb0bbbe50281644d7a7839147f59819506ac0,484
0x99eea495a82e66c97304a6b07fa8cb29eeb781a5,485
0x998ce3d09d62abf9d8082352d8a97f57099e4421,486
0x994bae53bca3e41c8f4d53ff04ecd4529b0cd748,487
0x99181ed48c7c51532622da23e20e2b38392476a7,488
0x990eb878dfff8b7e99aab256f7d4b970326a9fba,489
0x99085780e8c60e2f3ce181d009d01dd941e11529,490
0x98f2c2754c77b49993eea4dcd2d9aba71b696b60,491
0x98c1e15922dab985fbf3271d001d1736be34c9ec,492
0x98330136c677c4220660b1345b27570e3817372c,493
0x97cf4f197142b2c08e446c675d414a06d8706dda,494
0x972ad000397a3c903299f1353d6d4b85ee4e4e2a,495
0x971f36b555b9501c82319827c536cbab712191b9,496
0x9710dcb23ac737763228ce13491508f9b88d89cc,497
0x96fc4553a00c117c5b0bed950dd625d1c16dc894,498
0x96deb773e2a87609fc35367673c73309c7d126a2,499
0x96bb8306e3fc577f3b0269adacc9910c91d5ab48,500
0x96aad22606b3aad44a73f5e048462a5ee76df190,501
0x96aa366d0e8de9f6c1693aafe86565831f157e56,502
0x963a9ba5795fc8b983da79624e6854bef8542502,503
0x95a466c2ba3a392003e9ef63f4442236c6e1b40e,504
0x957f69f1d550a90691f78d82efe0053bf94ecb18,505
0x94b20d3d932aa82ad71b86b904a3d769689351b4,506
0x942d742fe5a01adad8d0a5dd22ca161acd49ffe9,507
0x93ebe7033bb03e0d0aa097846867913d905f15f8,508
0x93b3437645a67059e280a3317a93c57e2f4788ea,509
0x9353dba96501f98324ff9a8a7e7f5052c257f99f,510
0x931ac2444b057f80a06a4fb627f26ffa5ce41184,511
0x9288fe5be3be048b5c7a68bfd4b9a0746b7e4a00,512
0x92877e1030fc66572b2b69e7d19e6ccd48fc90dc,513
0x92857a8bc0a6f66180324f49541c695a3a0ff944,514
0x92741aa9a8c655f755a588a0303ca9929c8431ae,515
0x92246ed607ce10b1093eeb668c97d1c04dea8512,516
0x917cdd148ebec4699a523905424ee1f7de261258,517
0x91337a300e0361bddb2e377dd4e88ccb7796663d,518
0x9103d6fb3ea2a6c9d1245ab9e50017fdc7f7ffb1,519
0x90bd1716671b8bf485fe88d8a605b4799dfb4eb1,520
0x9040c4fea1b297d3e033743bb8dff3485fe80cfd,521
0x900a0a6428078594b201108ebf8f8a8446e86fba,522
0x8f79f76381aad7b98c19af55ee75fdfeeb012211,523
0x8f6864db2057a8a1c2b2c16d39f64ce4f929f3d9,524
0x8ede28d41f2b878c54c6f98e8f52b3827e89c1be,525
0x8ed3e4c5c6791b898a32ebac1ecd0f2c45765f15,526
0x8db42c39c6b5fabff91f55ed4e5f2d1c7ab48e31,527
0x8cd61617df89446d28c18deff636b7893302d333,528
0x8cd038d9e00d8f8b06b365bb1aa8e5fdf4cb0696,529
0x8c7ac532b07503b663c4a75f346a31c4c44a1be6,530
0x8bec4e6fb1a28820eb1e8ec2d4eae4842ed2f923,531
0x8bb3738661f0c2ccfb3bf51ef0a20e2ddb4b2e17,532
0x8b7e6ee5f51c3043312b9f63a4331f50c36bb625,533
0x8b71209f1ded4c7b4372861f1f451c664962e481,534
0x8b6df0bb6f36411a7937fa049d5fd64465c46502,535
0x8b687892c6cf88925ddd772718782a864e5353df,536
0x8b614162ff29cfd54781404f449552531c030536,537
0x8b5fb3a1a622ca955652eae723cb0cd194ed7e14,538
0x8b56adcf332ff80a1f1bf433975dcb28b730d110,539
0x8b55807ef4e41229f579461d54d85fb67bb67dc7,540
0x8aeaaa4f505396d24b783ba68694b10b1a3f0bce,541
0x89ea4c778d3f3d6be70883bb9995d41bd4c453ab,542
0x892ce17a4168ed3a1b25fa1dc514734907124dfe,543
0x892ae86110c2354b4a65518f3e5678619b453f07,544
0x88a0a05437262a1b65f41a978cb16cb1f0bfcfe0,545
0x87a88df12dcfbc341b64cda3f37df9048c968083,546
0x8764b360076809bba4635c4281c3f44c1677d013,547
0x8751355da8bb4854620e247904fc64c2dbff0484,548
0x8710908977f5faa8ff9bc8cf3c0a928bf83aa873,549
0x86f10f950578e2910e9a21a632ed82039780d68f,550
0x86d3856ad0105b9d4199936c1fd203664ba325dc,551
0x86a46d59965bd19dcf1c6e7ed512e17cc0ea52c7,552
0x867a5221564160c128f2b0ec6b22216c380ddc76,553
0x8624991788abbf65d797327646df65f3ba968bd8,554
0x861008bb6553d5e5c6d1a3e55dd50b517c0887df,555
0x85eb8e0093f5962fc6580b4330d67184581500ca,556
0x857c7d1270e73a2111e793b2d3b66c18fced7208,557
0x85792d2e8c48b8c2388bc027dc45dda07a351039,558
0x8559cea3e53a443c6c0d283283bdda455b177970,559
0x85405ebceb3b1c4fabf3bdeb6300cf6c17f9cda9,560
0x84e408a4afe356a0e3bad2d628afb8d28d7f78c5,561
0x84db6181fc7863544228a8bfd8989bc5fe194b33,562
0x84a54e549ca79dafc29180d49660f23b114211b9,563
0x842ac76913df36afcbdfe5fa4872759ed84210bf,564
0x83f9554850672601f9eb2def310f3cd1a0f12f17,565
0x83cfab04e283b7bc54f7d4f94d9b06fe71402450,566
0x8344b50a8cc5ae9014ecc43cb1413e44da34376d,567
0x832a92a886288acc68df3115cf74aebd67ba1bf8,568
0x830b32cbe86cc4f39414a0531a99ed406eb65d0a,569
0x82f600f520d879ecc6101c4e8cdd6522fdd24778,570
0x82e3c926f4cc140068d5cc71e82f8fb29576dfff,571
0x82834a93a8cf652ca6ac6129f6510d95b141abd0,572
0x8263b7757b139904c7cd8511b3d0a6d1479848ba,573
0x8249a765444d76bbc38fc64260c43ca5d4dbcd46,574
0x8224ec27ed526e48cbaba8cb603b1d092e210ebb,575
0x82214942f4c0b387d953408eaf2219a4775f647f,576
0x8208e5ed624df04ed947aad1c042ae17488c2515,577
0x81fd27d172d402adb759f8efd0ccbd13cd1e2384,578
0x81c294cbb1360edbe5b9b00743aff8ebf499076c,579
0x817bef1d5a3d6ea6907ccf93c55e4a26dd529b30,580
0x8125d0e55e2449b41e78e9d708d68d82eefe7c54,581
0x80fc68cb5d38475be8f24b9235f7aaa1f6c87871,582
0x80f296b6c058e17be787eff3db55048494733dbf,583
0x806c4e20cc913d7b70f5b7e24c6ba15b16c56a5c,584
0x804583679e543be92cae1e9d0ddfed625235dfff,585
0x800cfdc867f5d207dec765cc288062586f1e3d6b,586
0x7fdf07a0f977e4032c1f082df831423abf58d13d,587
0x7fc39a173494b1b4e99b66131a007c1e3e346c9f,588
0x7fb0fddbbfea53812cf3c8c51c43195f42250e40,589
0x7fa7b40d0934105db0ef6aa75be01d6a704ddf1f,590
0x7fa165177f28d171ba7c17f765c1904344ec64cb,591
0x7ed1e469fcb3ee19c0366d829e291451be638e59,592
0x7eb39fec5e39f36e22d0bedf7e0996cf39c7d96a,593
0x7df5cf2e6fc900025378529e7edf06565c2c630f,594
0x7de7f0c3fa7e800b7350c9421ceda457dc4d0180,595
0x7dcea6f237328a7d67ac65ad8dd53138ab2b231f,596
0x7dcdc90ffa556614c598ac3a7798b01d543a3137,597
0x7d8f437a7e9930d9116edaf3102ad77995a0082f,598
0x7d84abf0f241b10927b567bd636d95fa9f66ae34,599
0x7d7d9b73af11bbd129574790e7e65f70df42b787,600
0x7d63ed142f053bac7079e1bffeca38ca14208290,601
0x7d377ca970b4ab1e861d85be149a6a80472959e6,602
0x7d1487e280283aac02df43705c07550c1b3eaf07,603
0x7ccb965041a31c8747cc00871fd305985d76c8fb,604
0x7cb550b0a71c5339a33e99bdb080680413b67728,605
0x7cabe4de323c392c7135680c61a04d5eb7519897,606
0x7c814a4ffc4800f82a52a6cc7d8fb4db5872bf65,607
0x7c5080988c6d91d090c23d54740f856c69450b29,608
0x7bf068c46c300fdad8794f9ac24b3815d4076cd8,609
0x7be31019cf13dc9759caec8605b66a421705f51f,610
0x7b8e8f3200b7871a4eba6923a6ae518e914d0d37,611
0x7b82fd1672b8020415d269c53cd1a2230fde9386,612
0x7b60f3f033e6d7808428c9f2dbc81682ff24984f,613
0x7b608bd4ea597972754eda8c6dbdf9c1b32e12ff,614
0x7b578f673507975447c714df2bdcd15801fe30fe,615
0x7b1a43f1eb4970a4b5d36f604fef8083fa18189f,616
0x7af87a6d25246b24301347cf0662926760c0b013,617
0x7a92f17157c1d6b6824aaaf312e5cdd08c0c2b9f,618
0x79f693125bd8d3393dc35ea3a9e0ee1d43260107,619
0x79f01183e6e364098db23ba853aef9af30e13733,620
0x79d5794171e11dd5c2f0e26e1c187319db2fe6f7,621
0x797d1f2d60538013574734dbd6e4ef70fd81e695,622
0x795daa7cd2c81b20de241ce0751981fac4930070,623
0x7920fead60cd4aa0fa924c130ad722a4b26713c6,624
0x790b8a3ce86e707ed0ed32bf89b3269692a23cc1,625
0x78ff59159fafb4a337fd158fcf8d9603a7c6f03a,626
0x78c06f0d0f2d78d6049ecdc73328eda8e992b57c,627
0x78bdcd0f96f6330b35b367af6d581bc9f8a2b544,628
0x78a5a3e39db4cf9824d4dfababcdb36611788c78,629
0x789f40d61bb6436254d5b5f9cbb8cefb76916d46,630
0x77f190fc96c507f40dc13aadc48d2cafcde5358b,631
0x77e41b4125b7c14757e0f07fe36b2e95db757a10,632
0x776dc745ba824f83c8f0d549a353bb6eaf3a78ce,633
0x771dd02681c793eb34eff34528309e3657f843fb,634
0x771b12bc207a1c4823e77075b17f8d329acd77a3,635
0x770e2de60a56861f14ff290b17748ce8f576aa8f,636
0x76d4a9bc9612be738a81d0fe632b00b971e2bb9a,637
0x7638dfdff8e4f50f8eaab73763c359f5575e22ee,638
0x756fd95f0bc102071dddf04c04d58f8def4f2af2,639
0x7550e0d09f273c690454b44f794d7d381b2e55ea,640
0x7548566f611b89ebfb57c547fea0c293a2830ad2,641
0x74e9ae8f747fe9a7ebaf47e4749b3f6e3b287f19,642
0x74d1766f9953591e5d8895dd378118c58a0af583,643
0x74c4cc6554cdf877c07481aaf4ecc099d1b6d780,644
0x74aea505fcb7d163455974f243451d6f910039c2,645
0x74a834cdc0101c8ba45518a9a684e5ed413dfd45,646
0x743b8aeedc163c0e3a0fe9f3910d146c48e70da8,647
0x7339bf89a60f8a29d0ed436f3198774f8e191f37,648
0x7313946aa53dcdd777c90905d75a9b41e17ca2c9,649
0x72e96a5a7b3a383792ca565cb432ebd9e0d68cca,650
0x72bb27cb99f3e2c2cf90a98f707d30e4a201a071,651
0x72abc4204001d234ad1e899550716b7ff31ad697,652
0x72a479d7cafa148f361f3f6d3ffd64503135d2be,653
0x72a41db062a814cfd57e46dfa825b08ff0cb82c3,654
0x72856218eb3cd1fc1fdc8d33c998781707e39d23,655
0x72382223a91051a54c69759be3c93048235efc43,656
0x7229c03ffcda05db1dbd01a08cec6d0d0fbf065a,657
0x71ba5cb4a48954c077afd418aa6538244f07c950,658
0x71b11c9457f1607030734bc98213faa27303d329,659
0x7180eb39a6264938fdb3effd7341c4727c382153,660
0x715f8934cc8dbf5b798275154322bc721a0cd295,661
0x711338df9f9bfc568847eee580392b9b647607cb,662
0x70cffff93597846b103960a1934013e26d455990,663
0x70b049c0262630e7b58a53fd104647c7710af5f3,664
0x7084d5504192b43000330215e7294c8799c63f37,665
0x707868ea3bfb73007106cfd30f678fdb94d12173,666
0x706a0aa73064ce191f7ceae17700b210f13d322f,667
0x702bd0d370bbf0b97b66fe95578c62697c583393,668
0x701ae497d3522329870ada714aa902424ea8da01,669
0x7001c4730b81a539ef8b760a3eeb14c64515137b,670
0x6f8a1c929553f220fb6d013f43e11f87e935d73f,671
0x6ea9d172e15e969316f49cb2d5549fc3b00c1ef3,672
0x6e960b25b5b29111d7d9294b89bb216b8ce9d482,673
0x6e4f24a297c496aef5d404725a9bbd4cc23ac795,674
0x6e21411f20e23a54248935e0912f5a6238110507,675
0x6e06e102b85fa3f5ec1a18f0f0d088772f343811,676
0x6de181fc4c140fa31f196e5393516c49eeebdad3,677
0x6dde07583870063b9391a6f354f88fbd2deef5e9,678
0x6d921977defe5f4e0682ca512de1d07b1f4802e1,679
0x6d8ade29f7519e1e9a1198b85e6d6d5c425ff7a9,680
0x6d84df1cfad609eac476cbc2553390bfc23cf6fc,681
0x6cbfe8df3e9c0412f2467fcb1366edad74615fe1,682
0x6c98db776a9d494264ee160ef60d52b4474c7845,683
0x6c7f03ddfdd8a37ca267c88630a4fee958591de0,684
0x6c716b5177cc5c983057af4d88f7152eba2cc0a6,685
0x6c5a2d2b251b0b99a395e7921aef1d23e30281fb,686
0x6c3a65e1568c0df7618a1c3e0dae17c0ddfb70d2,687
0x6bdb78efce455b4fe3aa20301dbc9455a3ecc175,688
0x6bcc81e1d00b47c231e81ef24ee2a33ba63a5007,689
0x6b83f808fce08f51adb2e9e35a21a601e702785f,690
0x6b5da959786d801c1bedda58f8a071a40f992f03,691
0x6acbb97bf5edfc354482674acadd9b23384b3387,692
0x6a9efeb214aa03a8cc69e201ef31210656d75882,693
0x6a8cc233e14f874983bb2f37d1de706f6910ef0b,694
0x69ea6b31ef305d6b99bb2d4c9d99456fa108b02a,695
0x69d46455e460fce20de106107c99a5ef79566c68,696
0x69c2ae4ed74e215327646b2629ef80b2344fc946,697
0x69a2d3b120e679ef1300a24ee709c208bd2e39dd,698
0x6964b95bf8ba16b837e2f3ae8da7d299553ec1f7,699
0x68f4bd8b290986820a8f06836496ca2e0875fb35,700
0x68d3578bfbeefb9c1e31ce355a29ad3a107f88c5,701
0x68d2b936add02f2c44172327ce70bdae4fc07909,702
0x68b9d3c36d3c34f877bdf18101fc5776dd14fb77,703
0x689dacb52e18f08d8dfcdd62415c7776aed8fb89,704
0x68795c4aa09d6f4ed3e5deddf8c2ad3049a601da,705
0x684323e558e9afef727e78e7e212c1f15f1a42df,706
0x67ea8d0deaf6f9c5e2bcea5a5f5d4890465f3cd5,707
0x6747f922385c9a6f9cfdf095f34345257dd597be,708
0x6724eff089f9dd79c381137df68678bd574b37e0,709
0x66c8c4127d9ab859531c8ee3f8f2025afba1baa8,710
0x665646727edaaebb32b5f1a9b4e4f3bd867aa8fb,711
0x661f7eff3545218a51b054c0094ff2090be24643,712
0x659e4ca5ac8436b58b52c0c479659a97e0e37dcd,713
0x6599c9c86f1635faaefe7a5540914811dad8d167,714
0x6589d22b54648e5d67dc008ebd0c836d3df39c87,715
0x6588e8af5ca81c6bd63fb1c5b28003379e810466,716
0x6557f60dd23ca05d294c1211ffb1397ea4d37a05,717
0x650a25f6435985515c7c147664ebdb1eb18b5cd7,718
0x64025d29197d0a8e87fb80db2c78dc14dbb92855,719
0x63b92e4c605e85ee42147def0b8ed318fd528e67,720
0x63a9975ba31b0b9626b34300f7f627147df1f526,721
0x6350a6c88b7bb0c6ce516be7eae1bb599450ffc4,722
0x6343ac3f15c925acd28bbf799a138781e4cb692f,723
0x630118a810259e653c8475cebd6c4b259de3f886,724
0x62e6ec4ec557a851f45adaec48df56b1b5d8f230,725
0x62c3df02b04ac3d4cd503329e9d4be91d7a27dd7,726
0x62aebd70eec2b60ae93e8f9807008346363fe623,727
0x629e35e0a481d821293f354e0dd27e43a354d061,728
0x62985a0e833999b33434490bcb3bad9fdcca6f46,729
0x627b4fff399c9c8e868549e6644bdabef28d30dc,730
0x61e20833179ba2eccc2065e5f733cc8cda7394c0,731
0x61c808d82a3ac53231750dadc13c777b59310bd9,732
0x61787bfe8fc14ebaec68df5f160e7be55bccc758,733
0x6111e933e5e6297dfd0aad9aab64017c69062a08,734
0x60d862cd14879d20c5a70c3a177cae8b4ecef1f0,735
0x608f4b86321a68453f9adf6f06f7fc3e621739ad,736
0x5fde855832c73f87aa9bd86e2abb5e150a9f08ea,737
0x5fc70202e392cf3a97c9cd0d82e4e36dbe738079,738
0x5f03b61cc63ca0b9e5d70a11e7cca53447c38ae7,739
0x5e33810d055f68eba415be93faec212e9a2d6723,740
0x5e04647f64ef88763044a586f39952aa2200cbbf,741
0x5dd01abfb488245bc34eb140c562eeb1cf1c9fe3,742
0x5da78e7436cb564677b5d54f238180a38b98bc06,743
0x5d9067970755043ff5ce7fa2cd21c12f3646bc55,744
0x5d65e227f4e7bc798cf62526f4bdd47c82e6a590,745
0x5d56361e68bb9d6441c91d0ef4fd20bb9055f9c4,746
0x5d0b4ea1ce06693b853c3e7890a3d427755f67bb,747
0x5d0837914c7dffb097a3f0883addaa25d372f360,748
0x5d02c47bdd5983be299d0158efe0704fc1b04649,749
0x5cfea98867469500b90f0aa18402b95531869662,750
0x5cfc7b8b9eda12a8ef5637399e3e24c2fa98b297,751
0x5cc1fcb7454a227322b1764f1a0aa6dab49233bb,752
0x5c70eb0e8923cc0c416e8fa002ad165c9cfcfb24,753
0x5c67d94468c06c92e2d5f8446c41e7a859377994,754
0x5c51467399bc655f0cc6db88df15946717534633,755
0x5bebc02e4cdf3e92b5a2947cfd1430c4ebba4039,756
0x5bbc8885cd987500beba7842e7dd88c4b1dfbedc,757
0x5bb33b0e16f8a05c5124c33418922c5b1be8f810,758
0x5ba9c1d9bb90c7d3d57e033873477f092d786139,759
0x5b897759257b25350a6a78666317928768ebe655,760
0x5b55a66568d70ec29f059da136884f2a804767f2,761
0x5aa1835597562eefe3d4c1461d0ea90c0f6b7497,762
0x5a9fc9284b91a22780d796ff385cde69666c5d85,763
0x5a9bab7b4a48a20dfa71262f10de3dd5214bcc6f,764
0x5a7c3a0afec10b657476db4405240a762739234b,765
0x5a459ec1fabcb46dccc677eaa551980c7c12d5e5,766
0x59cc965f1643a68ad7a4272ff1654d4af4343ea7,767
0x59c62d3d43f9ea1c4118d98c188aa5d028b8bb8e,768
0x595a146c48b1d2a1955fd623dacbc664bba68b6a,769
0x59362c485fd1ea5b6b5765ff3dbccd5bc870e59d,770
0x591d50bf51fdade9afd8b97fc1c3171b6eeeadd6,771
0x58cafc9a3273821ec5691840abfc256952df94b8,772
0x586d839ad93dc19c1fd29b146aeb65447d8fdf30,773
0x586b2f881b65ca66e814a414f5304301d1d12681,774
0x57ecc66f9ac93945da91f2568d1590299c70458c,775
0x57d8d909f5cee1167750b01721c87ed2c8f8f4cc,776
0x57b174839cbd0a503b9dfcb655e4f4b1b47b3296,777
0x576f13dded1f2ad6b9d55ee8a1b67815ee7c92d9,778
0x575dfbaa37554c15b31ffdecc7ff517ee17e9a33,779
0x56f16fdfe70d2519e89fd25ed6a234476a0bea92,780
0x56b06a63f6e39fc8c2b8516c5302a8521dfce9fa,781
0x564b370bec4a77b161e402f1d6fbe9cc302031da,782
0x563e085b6739fd86ac81775dd9867bac0c489b6a,783
0x561c580fec1faa14b75192c33eec3ef3f1a25a1a,784
0x55ff6bc667434ef42bf351ede43e80604868f44a,785
0x55c0f0fec77520ee597ae3c538cdcec5cb6db828,786
0x558faba8c8326adc0704469504e27c7482489a73,787
0x557c2806b6cea65a66f415bb2ed1ce897b340745,788
0x556b5712c2a7cc5506fbfa785b52536fb8243765,789
0x555be1ef013616269aabab18335c2ec40702b5ed,790
0x55553e3b2d1e517f44fd4ea8354d171d69637b48,791
0x54cec426307c1acaa63b25aa48fade5df9e5d418,792
0x548938756fcb5655a7523f66c01f1cd40aa620be,793
0x5410c4c59a719eef345869c204ec8dcac2dfd718,794
0x536fef0b5ae77486a5795048a659d689cd787c36,795
0x535260c47e6b717f5454ab608e5e861a09cee648,796
0x53181bbebf920bbee38250b8805ae95f40a89bfe,797
0x52e42434c9735491a050d1042d3d9bf0ac6c6044,798
0x52bc44d5378309ee2abf1539bf71de1b7d7be3b5,799
0x52a487018d39a79d0e96ff9dd21f3033f22c48af,800
0x5275c3371ece4d4a5b1e14cf6dbfc2277d58ef92,801
0x52191276589069f70f0e46bccc718d793d1aa1d0,802
0x51e866e2d8730780fe90bab5c8d29b3e7fa8cbfe,803
0x519dc97ef09491ae962a8f13fe144c71feca4662,804
0x5188c562c238424c9ce2bf9a06c015e50847c2ab,805
0x50d00632899627726b3ce6eb3f8b756a635eb87d,806
0x50b45f9d777b661cb575eacd47c179bd2fc70d91,807
0x5061ee88354d7240ecf17b8da472ede046047bd7,808
0x4f67b765fccbb1e8c9629f04ef1256f9ecf4c409,809
0x4ef218ef3d38b86837524577c2562a76969490cd,810
0x4ec3c2a5775fbf9a1b95b594211a0dc63f45d5be,811
0x4e787bc5fecc56352d2bd89a457f397822710664,812
0x4e56d55c77db136de89eeccf3754a634a9b8898c,813
0x4decf822063e1632461d83e4cace667d2e257ee3,814
0x4dc1ccfb366db67d8ca27ef41e083738901f3412,815
0x4dbfc5cd4d88480476f951dbcd591396773ae56c,816
0x4dbaad248257f143340075e2315b942bf2ce45b7,817
0x4db8c1b7493a13ca7ba583a42646100be3a049f1,818
0x4db3262ca80d30fce03fd51c8d31a03f449fa847,819
0x4da4fb1afc45108623e36675340f856fc9bd7f90,820
0x4d9aa9320014f75441f1e2ea3b01fae47cf90c5e,821
0x4d67f4f0db45b3b5a3424b39ed8d972f710381d5,822
0x4d646258983e741ed3228f43579ba5e827008e9f,823
0x4cdb27d9cf1361a8d5a0aad300ace41a3ebd90fc,824
0x4cb22b80eada7ff871551e7a5d1beb77d70537df,825
0x4c9a0ba28dd93471583810ec2404e90d21bf6206,826
0x4c77e6b95fcd841a38ab8a49c610d9211b1895dd,827
0x4c74b6f32c9680acb5fe0e72b7aa95c612540a04,828
0x4c397b300fc738456105ce08c29d7b58f257c129,829
0x4c0f3bab527b7dfdda37dc521d815996469c5e63,830
0x4bb96091ee9d802ed039c4d1a5f6216f90f81b01,831
0x4ba6c728e6251dc89c317f7dbca89d4136c0bab0,832
0x4ba17750802abcc34aa8b93a9fc48813368a86a6,833
0x4b0a38c16b842d68a8721b4cad662e07cc430652,834
0x4ab9f5aa27b22664d110b6d3895b5fa1e5887a0a,835
0x4aa1e987ec64af9dc59c9e20396d2d11fc71685a,836
0x4a5cd4396a90e7ba517b62a44048d25464df72ab,837
0x4a3fba33174646938e4aa10355c4ff9053aa4bba,838
0x4a29df8a7967b36664f256f18dacf2e58e9f1e7e,839
0x4a1d72bb3a610f780c0a0c07e6f77479e2aaca06,840
0x498e748269c3f9911fb220bab73f88d6bb76f3c5,841
0x49795e6a9d47ca93be89e00c53374a7c7549509e,842
0x494e9242dcb2a208ff82e5e639a15b4b4623aa57,843
0x48b3bd66770b0d1eecefce090dafee36257538ae,844
0x4886d79500d883f1a55304a2427d506c6c30af6d,845
0x48659d8f8c9a2fd44f68daa55d23a608fbe500dc,846
0x4835a9626b02369546502d2949e16b0fda110b0c,847
0x47dae03c318c33fa1ce25a9d8a91d8d64c34ead7,848
0x47d6af7f0d674bfaf1413c652cf81f63aadab216,849
0x479af32de06fca898d6f1fb37a41225496a9357a,850
0x4775af8b921defd8d4b76494475616aa24978628,851
0x47685892143e79e7e4e71398c0940c23800906b8,852
0x4733f1324087f854666e0538474e84a4eddf1ab1,853
0x4706d6906dc01bfe6783e6e5e6c98ff5283c597f,854
0x46e97208bc7f618816cb502a2b516fb4bc41f1d3,855
0x46d9c9937ac3376c13c7ae082c8255a82efdc9d7,856
0x46b29910396e1cf71678f81101334a180876e9b1,857
0x468569500925d53e06dd0993014ad166fd7dd381,858
0x46854f92ca7d48d4989050d5a90c4e16042101fb,859
0x463eaddda71f29f36365f889ea7e6fcdbe1cf0c8,860
0x45e18de1b20aadf767c228d7eef054991cd2228b,861
0x45a972dc43aea65883f9dd495975eb267334ed9c,862
0x45a506fd369ecb8f4436929fb68322e2cdad02da,863
0x45857089358bc54891067319e8c0b60a5a552bfe,864
0x4537040f3399d9741e1dcf307cffbdd8ad11ef2d,865
0x4511ca1c6cf5c2fbe6cecce603066039357c626c,866
0x44f655a23a8f8235402dea5e2af3e64313528a92,867
0x44a0d11bac79fe682b4e530395594e20b2ba1473,868
0x443c0a5ca101c92f2d060cb9ef683cf052536eff,869
0x4389fe2aca02fe8a46f9b2679ae41fd6124fc840,870
0x438958736d85df5f61abe618fa0d263e6f3dd6db,871
0x436ec6564ce96ceae32eeeffb37c7ebeef0c7155,872
0x4369bf4867c99a39513bb176d468a7e326f3a542,873
0x43387c4fb42a51f9b191c99e855418062452a1b0,874
0x42e1e599ec7f559d0435d660c5fbc62e517432ae,875
0x42877aeb7c16cacddbeb082b67f37bca5548dbf5,876
0x427f41c3a6b79ca643210195a33cdbaa714177aa,877
0x422b908f38dfea12f9e358f864335be42704c1f5,878
0x4218fbff482b7cae7ad703fee9ccabffd92db188,879
0x41e6431ad47c286cc4eeadf955e8f66884d0b21a,880
0x4182e58f038b1806f5c23562cb2910b199ecafee,881
0x41205fadbb14686761732a4657e284b74875adf3,882
0x40ce7569d555dbf939e58867be78fd76142df821,883
0x40b9b889a21ff1534d018d71dc406122ebcf3f5a,884
0x4037385ea64e33e8e55a91494170f54ac20145b4,885
0x401dbd331bbfcf8d631e18de30e8359428a105bc,886
0x3fabdd9e740442a3ddb83102cf1dce0f9c75bb8b,887
0x3f863531c2e3ab0e7b17e9562bb02e7c367ea48b,888
0x3f81c1eb35c220ad082ca284660f2db2c0bcee0f,889
0x3f6da2f18ce077b065ac7bcae884bf439a222b35,890
0x3ef68604285967d6ca4502f07223331780990f94,891
0x3e9ea886a1d4c8ecb356555b10c3fcad1a609050,892
0x3e902e0d64190d225b2dd37c94076be4c1466a60,893
0x3e79a130c556f06f1b226550fe03be283075afaf,894
0x3e78bc3fb5560ea880b1d606535ce356839cc5d0,895
0x3e2d0b03619ac37884acff03d81950d0f69ac8dc,896
0x3dad3a0288bf024d3969f9d0747bab3ff61c4be6,897
0x3d98cda129757329c82edbc090234cfa77478dc1,898
0x3d62b31214561d5d88188278342f3cba5d6beb7a,899
0x3d5f3243ed50c3614efbe6853bab45d1a55a5892,900
0x3cd73157c6a0ab907b9dfe60f75c74bb99d98e7b,901
0x3ccd75566b0a52e2bca0aa91df4b5b259d4d5945,902
0x3c76eab34ed9ef33a989175a86dd80ab808934c4,903
0x3c2d298f2ecb86371a124a58501d6dad585868f9,904
0x3b6c409e2adc909c20b59df21a7c48f44c259f24,905
0x3b670df9fbc5866ee356b426361d57911f1da682,906
0x3b399ff2b96f27056ab8a7f6e028b0dbaf386279,907
0x3b043b7ed94e64039f0a587d778f95a6fe70ebba,908
0x3b01ebd2419f6d39db6ab4471e6382848716641f,909
0x3aa7affb99feff372328d5c103c665d59b9e988a,910
0x3a50c4baffb2b8525517f05ef5c32b9bce4218cf,911
0x3a4cc071e426cffba54c267391e401e820a5e472,912
0x3a4662d410d0772532678c416658c424ce8dbede,913
0x3a3a7cdfbbd0d889e44ce9f87515a2c989e51a49,914
0x39d0f0cd10261f71e22a5a961c7044988aea7c2d,915
0x3971d6c120e0626fe6d1b1c32791ebd0e616a137,916
0x3915b0007180b1289602b9128bdb02bacd4144ab,917
0x38a93c4b765597675a7720b92c75a3c480ad4933,918
0x3896aa101320f35bc836463d24bde0a8896c999e,919
0x386ac80f7ed4aec8ae6d54652ff987b57bd311c5,920
0x383ad663afd1716301fc92d469d9985b97cfbcb0,921
0x37e7f7e620aea3f93f9d5b2a958a066f91c5ec56,922
0x37ca3e01655b3374b0208a511984a28c2f1d27a8,923
0x37a399c1eb909230cbc93efbae5e008de7742c31,924
0x378fcaef49580b550cb7164f14811a5e613bd683,925
0x37731949b2e5c59f8e9caf1fd6cfac371b9eef95,926
0x3763e6e1228bfeab94191c856412d1bb0a8e6996,927
0x37497c3ce80933a1587dfb3b09d2b9ccf747b6ac,928
0x37419f8c8876215d600ec28039dfea592e9d5bc1,929
0x36bdc74443466d1b5b1c08963a6efe9bcbcc194f,930
0x3668a45e28edd089fcbe31209de076cef5f06501,931
0x362db1e4830bf2c401d7f9f45034f5e6e1c46a0b,932
0x3629b45bbf972adc23c064d31b7d7c6ce17415d5,933
0x35db35d82059262727fd36f5989748277122c3d5,934
0x35ac3672acb27921c60f5f7af2ab2d90fb58aea6,935
0x354662bcd38883b6e67497f06fc4fee20339e574,936
0x353765840d98943d116912997e3039afb16a0ea5,937
0x351fb77bc847f9b5bb8a8f242ab723c5b7d775b8,938
0x35096b12ceac5ed2431e9003ea19a1ec9b7d0a90,939
0x34d34f0a638f6991e4e2536f41295df6e934a646,940
0x34ad9f314de2c182019081f9a2577d213d4b3ddf,941
0x3456e2c00a91cad24cba3cc38b1f8e376d0e5947,942
0x34420d02a652c40dfbb10d09c99c9a4e39e94477,943
0x33e1a1ae6d566e20dc21f247126981d001b659ce,944
0x33a3f479f6c3e7f91128348490d1f7e8d2a0fab5,945
0x338151a3ab2553fdcf7f0ead9c942509368e4f1c,946
0x3348435028bf37e837b3727195d9cebb1932b4af,947
0x3343683b01cc6d4487c2243f7b565fa4b7b17523,948
0x332ce8091a76bb710bdec4a40663b66b85482b59,949
0x32dcd763d17941f02624c4ca7b8eb773b67aca74,950
0x32be343b94f860124dc4fee278fdcbd38c102d88,951
0x32bb4212ccf426abd016f287886b24e02c0f5a20,952
0x329b8dae47700462054cdbd270d63a875f5fad90,953
0x329a2da2753351f9b5d7a7c9ac51664278b3b817,954
0x329645cc315afcfcb3814934b902e4d29aa2fe7e,955
0x325e8fb67018e4f314be20d858b2a7ef2a4cb589,956
0x3175a28cf6105466923f11bffabd279f162aa2f8,957
0x31629fa399fc50da394d997008aec612168b337b,958
0x315260950914163880f3ad5a7feec87407fa4868,959
0x31367d855717992afa13e7ea29d33f9ca69fa17c,960
0x30bed8049947963394d93412326225e4e3123601,961
0x30915b10d3017dffc2851b7b06fe64b3c250f567,962
0x30906581413d556de1a018adbe6cc63c88d58512,963
0x308b9bffb317c76f15037b4e70253f5938ca0ef9,964
0x3031c59bec7917ec9bf943798a2255c70a73c197,965
0x2feb0941861777adfe8874e50cf86af2c78950a0,966
0x2fc20463f0c5b00f903af4d71219a26d1455965a,967
0x2f982922411a39c79bcd2d293ca79cf7a9a37313,968
0x2f86ba8019945f39ede131d38d4d8780884da553,969
0x2f314f944259912973241f01c640c74ec6c5f48d,970
0x2ef7f41472aaf58725acc818b72f482127511bd7,971
0x2e67c02513dffffa7eb8cc97517ca08cf0f6aa3e,972
0x2e50b652d0fb49709fe4fee99af87f3a58c7dd15,973
0x2e0bef7289f3d5ba36263de4588f834e0015fa0c,974
0x2dfa6c0e7a0c06592beadeedb71dc959e98fde6c,975
0x2de9681e4016c20a05e9d6faf769c9e263b7cdb3,976
0x2dbaacbd96989d8a64c466baa82db1fa2d1b016b,977
0x2db7345f4ef5d5d1450c2aa7bbc1d1da97abb80d,978
0x2d957b0c63c330a3582ceb84eeb1a50de416fbe0,979
0x2d2b56b523417bb9b7196efa2be77e0719ee5e1b,980
0x2d1d94521e896625f8ec3f65171fa82262da6bcf,981
0x2cfadba0cf70d57a52caaf51e01fdf18d56f5132,982
0x2cf4364bc4c7c3333ab9963c4b3473664f42d83a,983
0x2ceb8fe7306c755d00632189eab492c6a104a8dd,984
0x2c74a7afeb583c43ec5ce76768e994d49dd7ae52,985
0x2c6da28803974a90473a704abe8f419bf4b88091,986
0x2c67d77bb405fd494778bb892b2e31a603b0bda7,987
0x2c0a8a3f6e4a01af9fbceba17d25fbf0f68ccd9c,988
0x2bea81ed8846dbc040c738ee3dbcb5e265c245d6,989
0x2bcdf5ef3ba83578a36146bff9a3faef1caf038b,990
0x2ba293248cedde748a4b083fb63829d20d32607d,991
0x2b6627b8bcda6984f25c396d771ec0864c33d557,992
0x2b1b05b4812547c709a0ef801d8fd2a6a61972dd,993
0x2b176421eebbf303fa94ad4fe78362fa9e4ca693,994
0x2b0685231d02d931e701331dde0540cfa438b3a8,995
0x2af99165df71c9735a70a232b5a17d5df68e9ff4,996
0x2aa800a22e1474010fd52b29d2653ee370c9b318,997
0x2a65aca4d5fc5b5c859090a6c34d164135398226,998
0x29f1ab86bf67230a13193ddac84e0e078e1af190,999
0x29e89f61f14e28bae3d87a7dd0dfd7ec64c5f10b,1000
0x295f7067f6e4182a32a4eff344af3daadfde10e5,1001
0x2910543af39aba0cd09dbb2d50200b3e800a63d2,1002
0x28ef2ca10d09496bd909fa6121b5046db9a645f2,1003
0x28d252ec46a4d6ac35a25a6518da44c6e54ee015,1004
0x28a0e7b63f86a8aef8d5992cc9683840347a190a,1005
0x285b048cc4cb946abcf3ef11ade982c36946af18,1006
0x281dc96ac9d41102ffef09e1410ba4b58e6bb072,1007
0x27bebc44c6f60f99d558422288d616ee15dcb36d,1008
0x27772a816218bfab4578c331a58b7bcb762b6b52,1009
0x275c259d27b2e721a26b2c1788816f69b4d4a151,1010
0x2753eb7f173c1e8b9f5315395ef4608f92b637ab,1011
0x2722a78666262e46a534d360c0f18ac0c6e94640,1012
0x26d0cd91cbbc130925dd8ba2d2e33a65294582dd,1013
0x26c9e70aa8ff5c2422eb9f7577955209535fb263,1014
0x26bc2622904f2509437be4b4b9a79a9865f1be2a,1015
0x267069452478ca39b3f5f1a4ffdd4131f50bc977,1016
0x263d845a19110802000139cbb7a4bbf2b2b8d6c0,1017
0x2637e8641e6ef9c8951adf3e0c7058e76d766cba,1018
0x262c207337788eccfb49b85ed38d9e07273e4aa1,1019
0x25d855a7a140ac6f330e2202f96c6f62eb126cc1,1020
0x25b198c30ed4ccb297e341afdabf8d1be000a684,1021
0x2533b90f7aff15196eaa7e4719e057c85def3a47,1022
0x250978c66b17d66f4167197a38b631d8900968c0,1023
0x24e7edc14752f3cdf84b3f75380c513781a46a8d,1024
0x24ba6785f40f90632d7a1b01fed80bca5bb6faa7,1025
0x2456be9e99719dd3e61f8b3e782bb99a6e309e99,1026
0x2435cac661de90ff84bf79a55629c5bc30b40a0d,1027
0x23f2d0fd3b4c98fb1698564deb4898275e2e831f,1028
0x237b555850be6bff53a0698146371a2f5890a030,1029
0x233b4fc39b20bb5ecf29882d7f068544bcc5eb78,1030
0x23309ccda726ec16a2fc0bafb2be4f6524b1ed69,1031
0x2306ee0b776f50795486fed93a0ff10293c6717a,1032
0x22faa2b1320f3952eb7174b70ed25f05c520f129,1033
0x22dd493315ea74eba8507e967e83fcd389ed7e25,1034
0x22a0fbf89ad1362d74f626436d8c4fc6dc4f0679,1035
0x227bb3447d48f9d5660250613bf7c0b021a62f27,1036
0x21d02f172f96551b1f0be8c2c0b933a368531cd3,1037
0x21830433febfd6d786670967ef5a3dd234e4a845,1038
0x213d026a8676a8d9ee88060b20f4d002a7937023,1039
0x211d45933ef88c3d7ad0120942cf50ab506e618f,1040
0x2118baa5b9d6423676cf5502eb6eaed859228c33,1041
0x20cb94a081d60dbdf7647b2b790acae24a002d4b,1042
0x2088a335baee61e262233daa4acc64eb6c982049,1043
0x2060ef7b7ada8076003dcf9e25ecfd95fbf62c83,1044
0x204b6ca6bec98997caa81f1b9e1bec476e7f61cd,1045
0x1fab7be036a5c6a69b2b05d6e172ff4e5b2a5e6b,1046
0x1f7ef35b5f2f25282fcee8530b7c4d5ef56c38e3,1047
0x1f739eaf67129314a88747620323004e6a509504,1048
0x1f57f826caf594f7a837d9fc092456870a289365,1049
0x1e94b2163659fcc3da728c747ebffb8ac3bf360a,1050
0x1e550f4ecf22cbcb73da4fc090fbf5a5c748b0f1,1051
0x1e532569ad2ad714caca626693cc74bd9917fd3e,1052
0x1e0cf4971f42462823b122a9a0a2206902b51132,1053
0x1df99e975f2e6c2e6945cda3a377552cb582caf6,1054
0x1dcb8d1f0fcc8cbc8c2d76528e877f915e299fbe,1055
0x1dbe45a9437978d7bdc5d468e6be0988a71d153f,1056
0x1d663868310a9e6dc241c450a7e5ff76fc942428,1057
0x1d06b86ebbfd6ba717b6d14c0136de1d88aa5989,1058
0x1cbbf341845a462f53acd70f1df58d8b7c0e05e3,1059
0x1cac89419da71ac175a5b99cee0163720430990c,1060
0x1c8fd445ec328d5ad9805a4dedc29598185d70ad,1061
0x1c4da5b4560804b9d13c973f90f5369edde9350a,1062
0x1c10a5aabc2555ee3027d5758c4b7b462605f972,1063
0x1c0d16cad62228ae8ac90d1766e64b7e92a5934e,1064
0x1b7c101d379990c140ce807911715848d9b3c82d,1065
0x1abf4691de073851dd4f0dd7f998681b15622a6c,1066
0x1a7a079aff12142b3ac8ad75d85ade996480b1f2,1067
0x1a40e8fa5436fff43b762ffee33b143f69ada5a1,1068
0x19d1f826fce0c97733e0202efccc4a5608e8eb6d,1069
0x19af4b2766b8115b49e1fd31ae71caa12e706a96,1070
0x19ae27e1b61445eb9f27821a5eb4b3e957319e7e,1071
0x197c1637e43d0c095f61407540aa2771d6c03440,1072
0x193bb9b5e9b6099fb6c33dbb5ccda4ac18ed14d7,1073
0x19020a6ea98c8ac0aa143fb3ca4820e324495699,1074
0x18f41fc3fc3860188bd576d80fa06e8fbdc9b248,1075
0x18ac3828876ac1968ef70ebcd8018a9223a4c56e,1076
0x187b1f47cd55b27878699dfcdcee2234cd49e97e,1077
0x184c1e5b217232356f43b272c4ed0a60c67f3885,1078
0x17a6309f9e66138b7dc5a923eb3e6d6db0f2fd04,1079
0x16fe7ef97f036079e9f889779defc23d0484a10a,1080
0x16c9b930e32c92004105d7f66801c75c61e3408d,1081
0x1699333a4e46093e15a94b4a213b88eb8a963834,1082
0x16975b22533489d3186f0d18a689dfc2d3b13f68,1083
0x1688e69e900f1a0e56380c70a8916084d71860ca,1084
0x167a9333bf582556f35bd4d16a7e80e191aa6476,1085
0x16769eb8e143358ea396d0cd1bfe70dc0abd59a4,1086
0x166448ddc1ed7a2890984a723b641f0af7c20a0b,1087
0x16545fb79dbee1ad3a7f868b7661c023f372d5de,1088
0x164d6c84c4d54aa3e22a5b2b72cfb968ede862c5,1089
0x15c175cf70b01139abfc927671e5b95b5aefd632,1090
0x1595c383f52e474b28b5e6b4b8f72e92c1461474,1091
0x1543667b9bad3e41865c3233e1764d8dda8e1f3d,1092
0x151255dd9e38e44db38ea06ec66d0d113d6cbe37,1093
0x1463cef3d9007db05b7c3b8981d38602ee0d855a,1094
0x13ed72698182ad937d2ac19da03d612201825cb5,1095
0x13e159a44204140e075fc4994aaf34d46408cc5d,1096
0x13aed2064d5c9793bb262d32feb9312a3b48f8ce,1097
0x13ae5b35f82651ff327d41502f0aa90da76d777e,1098
0x1365cef2f79c0ac0e60f05f10f9422527acb47d8,1099
0x1333a55102f1f4b3df95298b6ce863ef8d5baf45,1100
0x13258a1aa418c990ce59616c26338a44899d854c,1101
0x1300e3d0d1e5b3e9967f04579929977aced17cc1,1102
0x12e57d6f935869638057bf37457ddc4973399317,1103
0x12dcb828854dbeb8252c681acb675715fcdb958d,1104
0x12d875abe3b8b28ee5003aa4c5868d4116edbec0,1105
0x12cbf607e6b04f34f251ac08cf55444786add488,1106
0x12962485aa2ff2829e5683f05d1dfe98093a6687,1107
0x126cfcc02d27445e00fbd18849447ff6740f9db3,1108
0x126616e4216387fdcb86b3bf66c691ae9b077e9a,1109
0x1261a4ab33df25bdf1dc8922c51266a9b4be9179,1110
0x120a270bbc009644e35f0bb6ab13f95b8199c4ad,1111
0x11aa265966dfddfdc4fa42a83c305f6ecbe9588a,1112
0x1178a79c1d93575640318e36db3bdd018ad97d8a,1113
0x11683e128538b884859b1d503785cd82ede1a2cc,1114
0x115069343384505eec8b6134907e84a4165488ff,1115
0x10de8226418ab5f5e839b214976435074e49e9c4,1116
0x10d50b62a87413dfd8b111398613f2eb8d819f6c,1117
0x10d39310fbb193f88a885213a1dd073d65ecefc4,1118
0x10bcfe72c11e0cac4bb8250e81dc279e2f9cafdc,1119
0x10a3287dc19d160c0ef7dae4e51670b0394ef951,1120
0x108fedb097c1dcfed441480170144d8e19bb217f,1121
0x107e84447f86dffa515a3d65955eb2a1ed9e4c0e,1122
0x103e37ad040437420f53c1c5a2869ac1d6149331,1123
0x102aabe751de044642ebaf25aca682edb0d0f849,1124
0x0fca66b29fd596f59398744163e3eb9c323e5133,1125
0x0f60dd4d4668486b0e4db884b2e8652f51ffddbd,1126
0x0f36d8b9254f1b059d0b4c4feeceb82ee24a6180,1127
0x0f3338ab825dbcc136cbea4f5748a53502908cdb,1128
0x0f22b7a7614c4dce21d49f78e335416c8ccf7604,1129
0x0ee4e2d09aec35bdf08083b649033ac0a41aa75e,1130
0x0edcc8702211f285ca090ef919b6eff6c2e92eb0,1131
0x0ebf34ef7f813ad4ff2f846db5167d338476b53f,1132
0x0ea24364cdf84783a05a623e9a5b7fe15c8f8c76,1133
0x0e80ac444336dfca3e74bf3851776b5ecc95da0c,1134
0x0e4abc0dad303d11570a7b99bd9eb5f3130b4831,1135
0x0e40a6624d5f97252ae7bff98ab9ca4f6f6b3928,1136
0x0e2b417d876dee76841613affbfbd25912a9869d,1137
0x0dbad90c967bffea4d6b589c0d2af50a0ea16304,1138
0x0d81fd2bb264d9ee0f432599b443ae1b691f6134,1139
0x0d62e666d681e8be96903ac4abd3537f28c6125a,1140
0x0ca19a53a3256482a89770fc1dafc7630717f201,1141
0x0c86a1460618c5186d7514aadab51815368c5c61,1142
0x0c729be7c39543c3d549282a40395299d987cec2,1143
0x0c5437b0b6906321cca17af681d59baf60afe7d6,1144
0x0c2d2f3070c607a6fa30ef56536902d5cac25e7b,1145
0x0c2614d2d575db19936b0e5400be416f5ed2fbaa,1146
0x0c134bfee2096f8686466e5ee14f122d5ebe4c80,1147
0x0bdead5864dea9344ba1152f25a1d1f8e84fd928,1148
0x0b7cdd58129b66a8e275a83b9aee2050184d7393,1149
0x0b4edc45b26e5843c04270ca4611b1370016b879,1150
0x0b3e24aa02c9f1cdea9163b6a8559bd01d92e9bc,1151
0x0ae73b749f8b9f7ed0b15d6e6d62a203691ae2b9,1152
0x0a7430601e2445bf00513cf9d49614dcb2204649,1153
0x0a573bb87885e1f8d926949c61adc02e28c8b78f,1154
0x0a38f5ba343d4ea8641f955ecf98e1c43df1b5a3,1155
0x0a319a7e0c887f104359e1eee6717bd8f232d3da,1156
0x097738363b1662599ad0777e19461601f5ec8df9,1157
0x09197b95a57ad20ee68b53e0843fb1d218db6a78,1158
0x09163dc33f1e0d378192d6e95cd8449d9fdc8f80,1159
0x0912001e29bbaf75c23069a22d9b9602be86feb7,1160
0x090d50347263c6e24312c2a4f42c456f4acc40ca,1161
0x08fe5a3c0709cf74d76cfd0e0cd9d2a447ea263c,1162
0x08384ad1b3e5f8227ec536bae3c0cfff5c0e254f,1163
0x08346c0900aefbb6730d0d188c647607eb329f9f,1164
0x081234066dbdc0c1b05ae8339657821fc4202525,1165
0x07d71bfc263af5758225fab79e1656a22ac9824a,1166
0x078838304c9ee678209ea0959587da9b6f31ebff,1167
0x06ec48800b2db3eefa052e98a9b5fc2bf783ee74,1168
0x06c69f734a0240cb31678412f04eb0ce8f39258b,1169
0x06bcfdb20583cc822f2031724e36f3678bbca6e9,1170
0x06aa19f0660cc027be63d8f844b0715ebefc5630,1171
0x067621ec90928eb311e03fa97ef65f8cd0368c43,1172
0x065f9086313e11114a319745e02fc0670e2812c1,1173
0x06058ee7a20230651d9d091e47665aafb21cdfff,1174
0x05c72b3edb386af574c61de3df940ef17921c4c8,1175
0x056507108fe6d30189eccd6cd7f4fad56eeef622,1176
0x0530cf3114c1a5b096e5547a942330ec2276ba22,1177
0x050a4c817b7dd7334cd378b11c0be4f9d4684816,1178
0x04f3a45dfc284a357412ebe3ea03f53d75ad9650,1179
0x04e8221c7a8f15d0c24eac668e7b727fade9d062,1180
0x04a6c6a293340fc3f2244d097b0cfd84d5317ba5,1181
0x04a57de2ddc48f3102905cf86cb55d0b1f071c71,1182
0x04a2a3ee9c9ea82e1f918ece209f8a7e6d7521e7,1183
0x049029dd41661e58f99271a0112dfd34695f7000,1184
0x047ff53dfe1f7bd2c3ed2d1f777f35d1f64e9ffe,1185
0x043f591a938f51c9af4dc5c322e102fc3b269cfd,1186
0x04244bb9904653d2d86f7af9971aa5a073195a13,1187
0x03bbfbb9d362b4b1c6a113be654a0190fc6aea80,1188
0x037d463127b168ae896ff044cdabbd981b2ef89a,1189
0x0335ae533c189072ce21afa65c4e2d8e0279aae6,1190
0x02f3722fad7212e2b13e824e94782c7aa17c85db,1191
0x02f0249d0f5321b651a88b9d2177517d53c97789,1192
0x02d7ffc396d24b1dbfca72ce1ae8a22dfa5da000,1193
0x02aca973fdea473c380f2cfba7760220d2cb38ea,1194
0x029b539130345336fa435c807f08b86a344a1bfe,1195
0x0293e005ee5bf705861b317d8f712f664b0fed58,1196
0x027beefcbad782faf69fad12dee97ed894c68549,1197
0x026d9acb43f44b258ebcfae786f32ae8376f6f00,1198
0x0267ade676131281ec3846be7465d3bc3e6caae6,1199
0x022a006fcc619ebf387f413ef06932babd47ae0e,1200
0x0216d5032f356960cd3749c31ab34eeff21b3395,1201
0x0211657b6a02cb0b34b5493fc51382e4c40bb0ed,1202
0x01ad0acff478127d9d702b1a13599d706cb759b1,1203
0x00f472626dc3cf7f94e80a96f863b3da8b92b63c,1204
0x00ed68a339aef3f8dbc6d8ac74e5f10a0231702d,1205
0x00995ae79d60365b2a0c52a5ad19140dfb8d45f2,1206
0x0094b66634dc6758951e5900ec3f4bcc7597c062,1207
0x007f7f58d3eb5b7510a301ecc749fc1fcddbe14d,1208
0x007a5f8277749ea24d24e1ab3b1f08fd4384f1a8,1209
0x004238bfbbe2048f84ca30a77bf61523a87e58b2,1210
0x001217d58699efcceb05f785a969902d4172cfb6,1211
